file_sha256,decoded_audio_sha256,normalized_audio_sha256,duplicate_group_id,label,source_kind
2c981159be114c4b025a7cfb2d5060158acd045487077c9cbc02c2026659af09,5a827e6d2c8efe4fccc5f0d384773d2a165f82b4bc22b0680eaa61e77ee80dba,0063555a3456a97cc25bba7351305fc17b1cd8eb195557ec019b3dfbd61fc71f,audio_group_3ae2b624e3916f615ddb,FX/Digital Mechanical Industrial Transport/Glitches and Stutters/Generic Glitch/Long FX,recent_gui_correction
1ca71f5a618419da743cac165d2cd7837434a610668be2ac4e6ac977a996c58a,24ed51179c50cf09be12dcba4f64321341b5d93b158d12d5f97ce108a4d6fbbd,00a7992ea868b0d2a586a2767331a1ad8ac732e1607735b722d2e7323d2b3cf2,audio_group_886a3ee3ec3a5d884552,Drums/Drum Loops/Full Drum Loops/Loops,recent_gui_correction
a07648e834d596ef04dd9f63d2ec50c472a9d677b033d89ed5a192025caa5722,7fd2d2758e649cf69df57f5267ef8bcd3274e0f0874edcdbba054b0a18d3f5f1,00b86f7a37e16199b3bbeab3b91947d4f1a28b0d8b1dfb132517fa5af726fabd,audio_group_494984201ca2fdf31531,Drums/Percussion/Generic Percussion/Loops,recent_gui_correction
d65e68bbaaa7824ba2b5d3f6d4d42080a0c385d94adc1fb2bcd4409b500acc05,4ee238c23055f9d6bcb227fbab753b6e48537bbeabcb07379af6c46e5c648b3d,01fa7cd89f729ba66da73cd2b5560cdeb75b6ede542bd8249a3edae91486d394,audio_group_5bfac3899125a08a0962,Instruments/Mixed Musical Loops/Multi Instrument/Loops,recent_gui_correction
2193e0ad0149b6c818e196019396294cbf35305238eead20b7635d3c31943a12,9b9eae9a0682c53cc0e1beb6e02bde5ab372268bbb74fc1e7eafa410a1d9a8c7,024616225d73ce28be7006256bfbda2816ae5525e7deb8ec41015b7f2f15525b,audio_group_4bb34457fa30f5a182b2,FX/Designed Noise FX/Siren/Long FX,locked_human_seed
a48020c92adb0e4eacbc0aca391543ce9da88407f34fad7aa84e99a8029325de,e73ba26808cc43d35166a765448adc81312f400a1a38fcca8723f7471f5960af,026bd4148cb5fbfef602bab4ea0e2f9c58bd2d4bf550f8de3835b6a26bde0396,audio_group_57fbf58da381dbcd098a,FX/Structural and Transitional FX/Reverses and Tails/Generic Reverse/One Shots,locked_human_seed
3c44ab097c46c0bb279b6713c9da0fe615cbb0791dd46d7a00fae8b2b21511ea,87ed585e3370cb0e8c5e9a668583087d6e44df360a1945977655df12f2b45832,02ab4295060e87388722cffc06f5590633ca93e03247399b8ddd8cdc9b08c996,audio_group_5e8da3f56fc005d35713,FX/Structural and Transitional FX/Risers and Builds/Generic Build/Long FX,recent_gui_correction
f1206f9cb54b169805e43c3be160293bd1e70814922efe8c5ea58867742a8a9a,bd9421dbca6f440e91057c6c72ed8be6275648c957ff66eebacffef7dac39494,03681f0cc7c327d3a67e9629e910415d515157a6a5ef39085df433fa89391ec6,audio_group_a7f41e91f4907db76f92,FX/Human and Voice FX/Altered Voice/Long FX,recent_gui_correction
6ee5d4b6c7d3a3ef72adf711a3d546f9a3dd41050a5fff2175be2532629ad7e9,39d9735219fa2c12382cedfc9b1d2e5a9b31730f48d4300ddab896145c6f4cb5,039b866a709ca6632d2e711205eb7b59c7c667d3d5661a480a6ef0a019203d68,audio_group_fdd1d2334815c71676d1,FX/Textures/Noise and Static/Static/Long FX,recent_gui_correction
21518d3c83e6cbab2efe418878e91cb9cf2bea0aad77311b752a5822f6496ba7,910409565a3780c4d3ba1df35cc74c21dd25173bd1456a486de47158da1798e2,03d01523e0614e8c28b59b9d1a12b7e2caec838db6fe6ce8aa1b1915c3d3f372,audio_group_4318660b0930e92a5b5e,Drums/Snares/Acoustic Snare/One Shots,locked_human_seed
fbb898d9e7c17dacc0e4cfeeee9ee056cdcfd04bef5e33b60b2645c6a5142217,0db12a5bdb44d4329ee3454339da209b0db1b1c123531f222c9acff3f7620ee8,04ea1da8709928aa37ae6c5df6fb3b8828ce1aa33256f44eecc629b27b8c76e5,audio_group_118817ab2246af402219,FX/Everyday Foley/Water Foley/Splash/Long FX,recent_gui_correction
771b3eebc4f09a756a9a699e1015071d568bf43ae352b5a107bb702669125094,57db3037ea7ba527d11cd8559760d5e726e908d65c6bc78f67c4776fb6055189,0609d43c541a2e16adb5b5fefa234d89e5898834cb314f507b0bbb89eccc6bd7,audio_group_e83f9f1b00d838776a9f,Drums/Claps Snaps Slaps/Generic Clap/Loops,recent_gui_correction
58bf7528f584f55835ea20e070f688708adae3c8c4e1c3539a853a37c2359949,35a931bb81a43ca9a03ee1d7bc720842c6626f0b426e70dc4dd4b895e38295bd,0672deaeb63dbe964401e3f2898b0c58e8a03019025dd840fffa981e1c9afb8e,audio_group_6188de69c575cd04b3df,Instruments/Voice/Phrase/One Shots,locked_human_seed
d9c94f478f55a148984557d4b88c32ba6bb74d4c33f6af47bdff7620be3121fd,b816a70603102da8b272fdcd4882acc33105429bce3dd0dd4cee5434292ea86f,09d241208b6a1fb5327893e3234a8a4661f5215f1b09913f5d70949be94fe6ad,audio_group_32e797aaf94da09a6252,FX/Human and Voice FX/Altered Voice/Long FX,recent_gui_correction
1adac01fe9b4075a58ee3d2beb4bb558c9a90b4e97eda37ee9f07a693798780b,a6ad8e0016f60d06b8e643a312fcfbef590a4c55ce181578a833b501261237a1,0be3688ae4ae0f32a2bc6f74ab37af88456bc543cd41fadd5142a6cd2c793fcc,audio_group_2fdb4f20f39e21f498fd,FX/Human and Voice FX/Altered Voice/Long FX,recent_gui_correction
c875eff57d576d6d99b88bfb2e489d1b78af7be091dab67269d600dd64758f83,38eef35dd102ff8f634229d08666225a5fc5bb56859862d47f0b72f028175b1a,0cb8178e8d37d61eabb81348a07faac1776654807953b69841fc030bddb3aa4e,audio_group_9483ddc6885d965aa757,Instruments/Synths/Synth Pad/Loops,recent_gui_correction
80080b2d3e4016b916de4808b0e4621f7eae3544471070fe854c69f171e24f5d,988e3da0a0076c795576afaa704c5b877529c65159503c21975ee02f29f899ee,0e34d40dbc3ef8e7f0c7895bf0f0d4749b1b566701e6a67929b2048d0abd8cdc,audio_group_f755795396c6495f7fbf,FX/Impacts and Hits/Boom/One Shots,recent_gui_correction
bb345655c17b66426b17ea62a5cc45de033b1409daffe9e08f05e6afbe1e380f,eef8ee957402ee2fd91eea57bb67a4bc60fc4dfad89a7b316ef7761b46d42020,0fb3c7c991ce0cff298247639079194ced66c96a4c9e9329e92073381afa77a0,audio_group_482945b4f2daa0330a88,Drums/Hi Hats/Generic Hat/Loops,recent_gui_correction
6e08785d5db53c0ec16e87da7289b9da27520df348c34f231c124325b41b62f3,4acc081f29c75d51db6a568d7777476338d11a4d6af12e8ab15e06b90737eec3,11480102110c9c8c1c751b9582ae4b2e9c1e3f55adcfd01916141dcbdb94a7ad,audio_group_25d67097e0b2ffe4637c,FX/Digital Mechanical Industrial Transport/Glitches and Stutters/Generic Glitch/Long FX,recent_gui_correction
6e3b080d416f6ba01978ea55656f075b42a1675fc96b38d4924df008189d7326,a18cc4be95e1ec2d75c6bcf99a82f169a9340155b27a6e51bfe23f210083532d,11ce442b60bfc1037c3690e180748deeaab5a57aeb35fecb87662d8e8a1a050b,audio_group_e2c230834622337af6dc,Instruments/Woodwinds/Saxophone/Loops,locked_human_seed
4f0d2cb66245ac5b1d7f290cac35a534e27ce27fd0a50dbb250ff26abfa29b3a,5c7981f6d7d935422cc7bcdabce7c8a97abeb5210e42e69e276be0f887029d0d,14ce3536c8b29303cb5e9ce72db3e4ac13ac7227fffa6da23bc1dd3f936c98c7,audio_group_23c72689de36febf0f44,Drums/Snares/Generic Snare/One Shots,recent_gui_correction
61306e53c3cd8138f03d8606d3c9c170fb492d4430892b5d1dfc7a336759cebe,431d9a4a739ef923ced541496f0ed7a15f5b05dd757191ad7590361fd4bf039c,16759f53be97ea21063205ddebad796607e6cd4b785bb90bfaeda2eebd981bc3,audio_group_780a396895fddaf38d01,Instruments/Guitar/Acoustic Guitar/Loops,recent_gui_correction
68e623d0d522fdfd822eaa7101433b388896871564a578fcae5dfd06cdb48480,32ba3b128ba7510fc75ec284c2878716a8c40ce5382f24fa60ade019e8edfdfe,188140596e1b4c96a8ded72b7141693a6766a5c1e00acee6fbcf0bd972897872,audio_group_53a7a8015a6fd65f46c0,Instruments/Mixed Musical Loops/Multi Instrument/Loops,recent_gui_correction
55c84de0338b17ca387fdfb2c4f70898346083fcb25357da0fbb57be6bffcd51,d86dabc55659c5464c83f459ee2e76934da11deb5e0ebc389b783c5bcc93d854,1944d6140d060fc950343dcd7847b321d33e536fd5771df409d2832b4a0db43d,audio_group_e8de2af44abf126b3756,Drums/Drum Loops/Loops,recent_gui_correction
3ccb8223d1942e4be2869a9ffbcbc2ab23c344564f90842183f615ac32866387,225a6275b5b2c2b2f1cf193a71c7cbc7ae792a3397f9ec88cd9fa42aeaeb4040,19af0043a2296a8840dca0c8c58f4cd1a4419fe1bdfdaab23115ed92649bcc4a,audio_group_ae42b4ad6f620005e659,Instruments/Guitar/Guitar Chords/One Shots,locked_human_seed
aa3548da62aa147c691dbfd16cce4d55439f72af6de4b6f69da1539260fd6b3f,0eee72ce8ca8567a486a87b1c2e2528f6ea75ceb9fb4b6178bd8fe1ebe53684d,1a2065abde69d5ed5a6cea846572cd0926e330a2e2ae8d027e2876bb000718a4,audio_group_2d8a884ac65435ea2fcb,Instruments/Woodwinds/Saxophone/Loops,recent_gui_correction
c84daa17b6fdac4d3686755ef2d7072960d521e23f068f963f953b3937d92772,139bdbe26835cba20ab18ceb2d07e0cf1f16a61a8bf7706ff9787a7c6a395717,1ae0cf8327e522d8475ddfa43095064758eca767c08c1ce680c38ce88f9038a0,audio_group_97cd4134043898eee1d4,Instruments/Woodwinds/Saxophone/Loops,locked_human_seed
6010d2b54c5dfb5e1d091990326db2ff81c798ffd94ea8cf88fe75566a616d80,a6f6e3117c567ce98d1d0f6449d65a3965367cb22214580d97af942e3abaf9d8,2148f2db93e0fcbdff5216de544c06a20d301ed1c6b33992d8f1e4dacb9f218a,audio_group_6505e3cd8faa3e5d96bb,FX/Human and Voice FX/Spoken Voice/Long FX,recent_gui_correction
9a407491de40eba66005d63c9dea16f02a6c22f7b33d6d49bf9f850b6fd27a15,0a90061db65f24ef102f25714405130015bd42d196270e8c507e1e141ce289d0,22a031a9b7d6535fc076adb46b3ba02a4e3c679a19289e589260e612fcbcf735,audio_group_5b31b5cf0d8e7aa9a844,FX/Human and Voice FX/Altered Voice/Long FX,recent_gui_correction
adcae200dc77e80276115f6f16f592fe6d68aec7ef2abf9038ce949f22b644e4,dbe210d6f10b1f5007ee2ed3817dcb73fee832001ebb69d2fa36a9c8d88d0973,244fe7b5f6c9ed1b40a9239ae3cdf048c17f3d37df6da055f5ac71296b3fe34a,audio_group_aee4ab674dd2ecfeca59,Instruments/Synths/Synth Lead/Loops,recent_gui_correction
8d83e2aceb0871b0183d07e419e8aa607a6a8aa0f3aec48118bc76cc76bd8658,9aeb4cbd5a898c934dda33e580cf81a0e6ed9d0a7dab524e55385245ed70c143,25158f2ef078dbf91c68b944a8ed46d622b78f404a617fa929407dd9a63ceabb,audio_group_27bbd723a3e840c4a2fd,Instruments/Bass/Generic Bass/Loops,recent_gui_correction
9b0b8b945e6857935534916a6c514bac12bfe111553cdef36e1ebdc04186fcf6,fd0801b69f9fdb8f5a4ea7e92b898798e6e07da54f819352cbe22fdd557e64ab,262bf8c7a6d724b7bffacf84742e774859edd62d7d0ae8795d888df47ebe79ba,audio_group_fbe85c217be341dc9c57,FX/Structural and Transitional FX/Risers and Builds/Long Riser/Long FX,recent_gui_correction
371e36a5bab37bcf44273f1a533175a7336068e3f473b25076a28b1e01a264c9,4410a276c4b824c1774c3a976a26c9c95b94371da584c14842d0c98e46fdcb1e,2aa67c2b90c0cd2a3e5c95dbd7470aaaa4ab012a84653a24d4357be0ba81dd15,audio_group_b7458eec5f5476249f81,Instruments/Woodwinds/Saxophone/Loops,locked_human_seed
cc0a64e0b96403888a228d77e1e8b31a91cc2787ef89b42b289de8e208c4d7e1,4daa251ffbafd43d730771defa720a3ec273f82a68c36b5fc2e318c58da71b48,2b3d14855e7ea0ca05ad3aedfc7be9194804f68a31b1e8017aeabd8edcbd831a,audio_group_4728fc485f58e6abc04b,Instruments/Strings/String Loops/Loops,recent_gui_correction
2682fc539ad29753e7a200aad1662207ceb857784745258aa17df3de38304760,27ebc24f509c2f0f1107ed62290e28de7644324838989fa9e77459f44386b568,2b8a3e75334600716fe1e1b12b3e23e51f5dcdc02191cd1d07e066d5958be5f8,audio_group_591957eaf3568647b9ec,Instruments/Bass/Sub Bass/Loops,recent_gui_correction
cc90fc71bc659a22d1dbae39bcf690ff4607b78b6b07beecdd8073d2c97ef0b5,3a15987a1c2c456ad6ab1c43ab20afc28b03a0a33044662f240d79375604c8c2,2ddfa79eb1bc6f345cb3473006507234f6018eb6900def96e71bd41f6f017254,audio_group_f661f0b04aa8095bd6a5,Drums/Rims and Sticks/Drum Sticks/One Shots,recent_gui_correction
4eced252ff3c39cacea77f30e6fe8438b06b1eda30641815dd1787ec52f662ef,623e72fee04742c06e221bae086d5a9aeacec7bc79c30d027bb67ad5b946963f,32322632f829f2cfa336bcbc464be4daf060e53484f5399690ff421a1567c7c4,audio_group_4e13b3107e9e555c92bc,Drums/Rims and Sticks/Rimshot/Loops,recent_gui_correction
6a4a6205e9ff956197274269b6d014f884f2e6899c7487ba2813b3f8e17f40eb,7c3a7f266782ab3c56a2a239a560eab9bf7fc7928373183def898deb6b08563b,32d6b6f1c6178b192fe81e931ed586d107e7d5b17daffeb0679054b06ee1509c,audio_group_b732a5567effebe9ee07,Instruments/Mallets and Bells/Bells and Mallets/Loops,recent_gui_correction
f687dd0abf65e1a4f2a990f408db591fe38e125957e5057d552b5f4ac6e84ab0,fd9cf8372219888705987d10319ea6945118a55c4690f3c586ed7fa7dd23fe8a,33b53995f9ef1775d0e07270fe9b883081bbb5779a3a67e05105f88168e3429a,audio_group_f45ea54bf4fcae66f64b,Drums/Rims and Sticks/Sidestick/One Shots,locked_human_seed
34167b6d8e673e52e6bb6f6f6b7ab1a87bf3c5ce36cad632757bb574b490bca4,efac2f8463bdaaf8d9fe420ecf35972cab2695a7d6d1eb22ab7253a79d987d86,34bc42a21a2b657483533df4278f3e0ce49909c6254f278c71d739fea63b18bf,audio_group_b30a6ea06eb607360c0f,FX/Structural and Transitional FX/Risers and Builds/Generic Build/Long FX,recent_gui_correction
0877bfd83c2ba5a9fcd6d94ba874b0bc1bce7c128af1d62c3984fcc8ccc54d2a,cf278788c286c71b205394c68e876edd95a0363bde5f340647bb29846d5ad8e9,34dcb347e6b26e7e52e64b8f401248f67346ff0fb7e9e19676aa2acbe12e3479,audio_group_1d6f1b111a9005494f3b,FX/Everyday Foley/Keys Coins and Small Objects/Coins/One Shots,recent_gui_correction
4c8053b25b6112ec24fc7ab91e495e19a68eef8f71dd74caea614ef2796d2209,8515881ab9d95d2f38e6d9e5595c2356db9d7b6881a17377adc29ad1648533f3,351b09111242ba9630dcaf3e2786c9014848b114128ad18bca35dc358e867ab0,audio_group_337d12ac3747f66fd40b,Instruments/Mixed Musical Loops/Multi Instrument/Loops,locked_human_seed
31aaf43c3219b6ba4dd8488f3fb6efc2d02761ea6358e7967690995de901aad4,2585c87b5eba06aec68ffb93c4a2ee4f40c0ab88a3b317c6e85034d2f307f1c4,351dd782bd7e9f459907d635e343e4f3b6b031dca3defa8314e7a58f74706ff9,audio_group_bb3d27addc3924a791fa,Drums/Kick Drums/Generic Kick/One Shots,recent_gui_correction
dce83dfb36e1565aad5ecfb8b41854f4579bffc43f5079519e4715eade7562bf,68e73c063af17365cf47cbb52b15b79d5944a8788951cb8e04c82b109b148b7c,355adb5914d114802e5bd7baeccde52adaa017f3b67ad1feb32917ac2eba4502,audio_group_9990d93546328e4a76c5,Instruments/Keys/Rhodes/One Shots,recent_gui_correction
251968018ff9f5bffc856ac8d2669a297c8a427eb8b8c1c3bfe79fffd9d2b2ec,a087ec802bc241b19fc0c2d1d2ffea4e43dbd340f1aa7056efd65de6b3779a77,35612b21baff4190b627df7b9848d626894da58039b9e0018a007518c15cc507,audio_group_addfcbacd5b3aab4f874,Drums/Drum Loops/Loops,locked_human_seed
6d6817ba72475adee8bbd28ef2e3eef2b8fbced9286816e2986a5ed43519acb8,4ed617f531f7d0fdb80fe6fcace07f4b4b82a084e3bf09d48497396b005e1d40,39da882f48ffabccbaef3e14ddb40b72a34ac2975de43507c9b786da3760b0c3,audio_group_b7ca930b2b875468752f,Drums/Rims and Sticks/Generic Rim or Stick/One Shots,recent_gui_correction
df42565474c8111b0cf945afc0214c00c72530f6abe7e62d693d3cd50db37ae2,b36701b99553994b77ced24ac3377bdb468056e09500ab1d41aafcaa900d66a7,3a8080bb8da4e191d141166e9ab9bb2a3e1e0ff5412a3e59250cd673238482c1,audio_group_2fa30912386d50c57032,Drums/Percussion/Generic Percussion/Loops,recent_gui_correction
35945d2df1ff278708d19994a4b450ac6d9624f41041b5e140deff5f7a67d76e,46a23449bda31683b4883992a4f5f2fe8b1424141670cb03465f66b9a06c1c93,3a87d176448d43265e8c88c167f993028cd1c0325ef391cca876e7b68c39ff5f,audio_group_99f369dd14eb31ca6cee,FX/Human and Voice FX/Altered Voice/One Shots,recent_gui_correction
427770200f835054454bd928c913d043e83d35fdb126ffba584018901e548fc1,f3fb4bd396f8c03026a153ce333c047db1d012b41e04b3e47b9233cc4340fb5c,3a8f87b012aad4a1ae8ce9fffef464898aa031fa606154cd19da5ca43bd62d7f,audio_group_8e3f7de3d0004d990454,Drums/Claps Snaps Slaps/Generic Clap/One Shots,recent_gui_correction
033c45b87b5936ce9bfff301a5a4f59f4b65e80569b024c4f1ec9b035d8f1c21,e995393286693956d72ac6ae1da612f0e2a79867b810fa70173303cd5ac46da3,3c0bb342362e40be52b886d7458a42f6dcd05d73b05f403276516e3d0f2fddfc,audio_group_248a0bc95ba7f1be1d49,Instruments/Keys/Piano/Loops,locked_human_seed
39827f94a9df4c44130fc061c323949006ee9956e3737f3052b06570a8118a97,afda181703e40e90bcc3e4c3ef0d41d4c143dd75ddf3c77bc0e32f98d19b98ec,3e94080ae9ff4a389c4c59aa46de090986ea36c5150d2c3610d530876c56fca4,audio_group_8b08a775f06206bab8d1,Instruments/Mallets and Bells/Bells and Mallets/Loops,recent_gui_correction
a4f93f0a7b4e21f9a89c387f2e9ef96fce16fb1daa1be4f42f58dbb046569027,5d08f3bc64962061cb1180dc0b456c91ecda4244472106864f49903bfc668b7f,4337003a9f31857248e10e86132281c9c271cf27a8c49dc4690e044605ad6e82,audio_group_32b68646c7f2a84a5377,Instruments/Keys/Electric Piano/Loops,recent_gui_correction
f8670575e67e39af2a1c69a18ff82becc893e259eff1ea6c9529e30ff77484d2,15aa834221510a2ce09d213444a109a1e34de278b2818ec87b6cc1de0d4cbc22,4395bc102452360dadaf7ea7a65c891118f3378a592e62830e6c299555c152ae,audio_group_d56dd91c7f2e3a60798e,Instruments/Woodwinds/Saxophone/Loops,recent_gui_correction
bc8a89cc4a46e93d3a0d10e15c3322692ff4c2097b85fb2e18f1c811ab8897fe,e613595e19bb9ca2a603f3109853e74cea752b5bb5ae972570fae21a0f93ea70,4702f56300791bde2270544c03249e39e4b1ab4213ffb52890e478b7f4b059f8,audio_group_f059bc72f94ff401b863,FX/Human and Voice FX/Altered Voice/Long FX,recent_gui_correction
fbcc321df7910a67549a054f5366c5bf15fdb150e72fc841b3bf4a163512c61c,ea051bca9a084bf2edc77cc3672bedc0f3673dac7850000119992d3da74f9f4e,47c2d9e0fda8826ad1693399f54591554172865c6a23519a76c6824e8f859547,audio_group_4db39f88af2eece49790,Instruments/Synths/Synth Pad/Loops,locked_human_seed
c6ccab8bbefec5c2d57be698f73abaa43e6a9ad56f40b5201f2558aaac6d0142,18c8254e623cdad15d7df2169ada9849c8134f858bdb2bfd017606d8b2e0131a,4a70763db6e800bbdd0994005a0b739f49f0fbfe961015452d616d9f7e84c4b0,audio_group_98fc19a978c45aa08d5e,Instruments/Mallets and Bells/Marimba/Loops,recent_gui_correction
391b7c328a5fb69ee2309972f92b086c4c6791b98fdcc17bd8502e64acf5dafa,79460923acaf4fa18e74bf55efcadf6f66f2e38f1bbdf37f392f816f7a75756a,4c3d0afb7d255cbf35f55a5b0ab16d13dc4db4fd61ba4fc879b1e0b10343e547,audio_group_95f122fff1f8d3b2d0f4,Instruments/Bass/808 Bass/One Shots,recent_gui_correction
6de6344fcf2fa9edee7b6fc91b463c22a21cdc42f8e5ada9cbe5e2ae5dfd790d,9e24d346ec252d3be351d1a72e1c92b772422903446af42c4bf190feb7096c89,4d2e4b511458a93eb3712cf2bea7152c3c90618bb4ec8a24ea4960c6621e6380,audio_group_945b19d3b87071d3e73c,Drums/Rims and Sticks/Rimshot/One Shots,locked_human_seed
8eb7e20c8ba533de710d4802b886662e176812a85d7eba15eb606287d277f74f,2d0734239bf373385d899e141b7d1c218eb5b02d03d6dced69cfe0820bbe1d06,51bbbefb520574370b0be7e7b9974a5f4a63d529a599da34c5e7d3c553175b14,audio_group_48ddce350724020f711a,Instruments/Synths/Synth Pad/Loops,recent_gui_correction
b97b70e06f1150e7015bb794d86a90767e135d586ce575568d74a9e62af749d8,8d0b9b4d2712de9a9335a2075bfd48c2e7ff7ee22ef28d18c20c3c8ecedabd3e,53026c01d783493807d272da76334ae87a9b3a54f57c184dbc9d2629669812b9,audio_group_dd18a1a5589251769790,Drums/Claps Snaps Slaps/Generic Clap/One Shots,locked_human_seed
154a04acf1e8d2d7ca5bac9304beaf6bf2efb1ed0b94c506717cb5803307033a,d99faafe81a3b1a09d9607ca09d0d629448f43c57bff13b0bde02bc2e648fef3,534836c3186cdefa5ab403e875080adc9e27b03ce5699116ae073f1556cf390b,audio_group_3937e19d20ef14ab2f08,FX/Structural and Transitional FX/Risers and Builds/Generic Riser/Long FX,recent_gui_correction
407ee62ca72ddf8d0855acfa90f26712e03d74e014e6a11c6a29d67d76401ff7,40f77f44a6727e461ec1686138edc52359410ca53a095ddc5f228579b2b246f8,54514134f2af30b04b70f1a5bdf3c9619e976919ff73ff9d67c9f893dea1db97,audio_group_0a6d7d350c990d652d93,Instruments/Synths/Synth Pad/Loops,recent_gui_correction
66a50b99a5000ed629de2e70e86fd422fb1d72e5e36bbda06f299b221a9572ac,d4db5779df5bd52bdf33e90a65abeba937446837d94d943a4d27a69b82a733a2,55e046c46c2f806b7a7c560faa9676258260f309b2e26390bdbb84f7d1ff91a9,audio_group_1af0d45322ffd64821a6,Instruments/Synths/Synth Pad/Loops,recent_gui_correction
8350a28a0b1d2fedf9fd966a8c8178cf3cdbacd52ddc7a43cab9377848cdfe3d,e96f7537697eb3ab7b1e23eaa35cc5f0caee734eb5b91f810bd8b0f3101d2af2,57111c89ec79288ed397fcf45d8ccf3147b329c10351eef3e28772c24c578304,audio_group_aba7095ed3b3f1b5bf34,FX/Structural and Transitional FX/Risers and Builds/Granular Riser/Long FX,recent_gui_correction
42ca658ef215bf822d2153a02827ee317c5ceeb1563c40a3482dfc0dd57e534e,c0e9175d0c6d941abf1cbcb42f634ce840132e4fcf24b771a5b3b60df759ee47,5867f374e8e06d25f7f10981b08427eccc5a7da38dc5901fdc8f349fd3274ed8,audio_group_e8efbc0d46cbd749b394,Instruments/Voice/Phrase/One Shots,locked_human_seed
c331bf6b7b5b77a83f853b270ce38cd34940ace8c908ad4fb4390bd787495c89,313c3f3acdd635a42584d5f5a8fc5202e86daa0ffdfe77eb7fc95246e9a7167c,592beef8ddff50d3788eeef2d0e98baf45de9994d1adc89ef542c34314ed4d63,audio_group_7cbc5d571cd3d4287505,Drums/Drum Loops/Full Drum Loops/Loops,recent_gui_correction
7b5bacb886b949e0eecdc412cbe51adff9c38be297055b3cc3e880eddd1c1973,994371adbbbf3bbbd0bdb6a1182c9af407ec7b0095c24c24890908b5630023ce,59e7dc7f44646f7eb6988232a5c6c94fc9858538146112b46601fb433773d3ad,audio_group_4f0443d385ffd0903fc6,Drums/Percussion/Generic Percussion/Loops,recent_gui_correction
aab117583770dfe7ad2ad4de63e54c2f8d2820dbfc4236254dd758ce39e00126,b8b2986530224b1ed03b42baa699fbe5b22d00a9575c583e3ff6446e62949848,5a8d41b1ddee609f4eafceeb4778759dc42437ae2c1f5842f6633acca6275c20,audio_group_82303ee43aab1ab8e35b,FX/Everyday Foley/Wood/One Shots,recent_gui_correction
b0c04f2574fdb6063d1574b8960f062bebfbbeb5944bb24e0a916d6873e5d924,308da27b4acec7add45c77afc4004f6cfb2c4754fe4e9d30362d5de7985b86c5,5b293143bc74c4e4d26d8bb6c37775e635fc616f6d36bc100978fec1c96efeae,audio_group_b8e4b7e20919c001f881,FX/Human and Voice FX/Altered Voice/Long FX,recent_gui_correction
9389924c296c07fcee41ef5eeee6a2f09f27d48217d763e8b3e8f551c3d1d10d,21ebf6465c2ad4ef9a969835dd3f7aa9948aa215271faaf630b3acb6b8488df8,5cdae6120ee5bb5ada0fc16bcdce56f27e3c2531a2dba77d4027e32d0b07c7ea,audio_group_1037296ad71c49602cda,FX/Human and Voice FX/Altered Voice/Long FX,recent_gui_correction
1e86e12fb96f976f6e9bad9c2eada2d65b5fd880e10457019fe99329a227d3d5,571968f0e4471efb8beb6c75e0fb7071def4490c974d9119bfb00d7f9874553b,5ce5c0e0c3424f00b6291c936ae3d25602d89dc23dcb1856b9cd96e80648218b,audio_group_e298819f225d224c1d5a,Instruments/Woodwinds/Saxophone/Tenor/Loops,recent_gui_correction
0f6cb3160fd53e18ddd3d6b4c6c1475fcca8594050985a4f226be7471c3223fc,2e5099df2f9473c798222ad55f25f7e73779489d4a83ba8acdd6c64958de00c3,5f2f983d16fc8c7a3787f5ece18b8b9041c3089015e726ff84d70083a541d27f,audio_group_5c1f54b1367fa4970f98,FX/Crashes and Breaks/Glass and Metal/One Shots,recent_gui_correction
e3ea5bd6bd55fc2ac1177e41daf2498056cb7d7012d5e9e78093f80ce93bc03c,05a80dd56d89133a14c382eba620be505ea942e3c23b3a07e868c250ff7d50e8,5f31bcfc0841882672958f1f5077dceb73bcd55f800cf8caf31e8cb53ea548d1,audio_group_b9fa1979f4ed1b0a801a,Instruments/Keys/Electric Piano/One Shots,recent_gui_correction
bb1d9aed4a223aa7ec3ed7cf00039405289082740b83b6d50668d16948a18d62,f4a553347988c05592c67a208b7ed74ae54c3712c382b64d388cb322e176023f,606cf1b95f0567ee467a5ac46f36129f6c931fe392c07ff3a1c72a2e1f16155a,audio_group_18a58d0cdfaa67cbe9b6,FX/Structural and Transitional FX/Risers and Builds/Generic Riser/Long FX,locked_human_seed
bce6412f84b29ec672c0c91ec7f802ae84cccae8b93939b71419a3a5db62ad11,0061358bd2254d5efc33673a695bc03cd1bf855b2a019ffd0153be07ab5e26ef,60e0be3622685381202f590fe975f74b3f6d5b8162fed6338039a6ce23ae0ed8,audio_group_57990e1d23715a2da5ae,Instruments/Guitar/Electric Guitar/Loops,recent_gui_correction
1bb52186cef74f9b4e9acec364907dcef5a8986330e1369d3a15e4cf9d9a75f5,82d248496715bff41269b1eda25a1bfe9038c8b42856ebe12aa478ac335194fd,64bd4591a47ea101448c798fdb4c693cb6c8d8031905fb4a1d37dc1117f79083,audio_group_d87866dc22676bd32df3,Instruments/Synths/Synth Loops/Loops,recent_gui_correction
9ae4008e608833443cc85c5462fba0d622fb688e0bbbcff556ec061bef87d5e6,4ca810a079b245276520b60feb620abb6bf56cd201f4cbbd9eb1e4cf4be5074f,653a1955bbb1267a3916cb7c732133e781d010c1a88d2213f719174f0c609afb,audio_group_59f4dd010c35a716da51,Instruments/Bass/Generic Bass/Loops,locked_human_seed
290aa9755ae624169a7dfa6e65cbb9f791d89a29cce5b681f405a4d35a92c154,bac5bbe83a8d9846a9cc8bb5acf00bd85699a61f73bc291e2faa240658cba43f,66cbc2e84851405bb667e450dfb0b9144393a7f35dad3588e47bd071fb48809d,audio_group_19878c7cd41c83822724,FX/Human and Voice FX/Altered Voice/Long FX,recent_gui_correction
58503591415403f5455e6be030f37459899ea58f8dff9206c92ba81793a4d632,3d9947bffed198566ad0488648c05f038fe5a70dfe0bb2e4ea32f23e7281da11,69c62dc00715d08c0e6be134e2393e86e5b40c0d140a4d22cf24d69089d9d207,audio_group_ffe8896741f2b83027d4,Instruments/Keys/Piano/Loops,recent_gui_correction
49cef8bae9f88fcc440e74e4058dec5cbc61cc82716a528ea377ab8bc995467b,7762d7f1fb4502b432ddde1456902ab49cd1903269a5f2b48c9ece4264e1b392,6afc6446e704d32f04397774175143dab739106254d96e20df1dc556970307d0,audio_group_80fa19d3bddd1d1ea167,Drums/Kick Drums/Sub Kick/One Shots,recent_gui_correction
e72719b3336a71276481a5aeaa65746f9ac85666094e4b799bc4a99dfd87d2e6,e23bc48d8af1c673850266fbfdd7dc43a7b2bbf12e696be84c38b5621247412f,6b93d28cc86ea0f30693a82d2e749d5c2ef2cd8e6e6a17f0330e2e6a7523747b,audio_group_472b570cf49604ef808c,FX/Everyday Foley/Metal/One Shots,recent_gui_correction
6b1e824bc379b4930ad38d4c69bf15ce0a97d6ad518ed468b0b3fb29af7c47f7,9d021347de8278adbb3ae70b0a3a139470a8d6257db5a61d75a9268bf18577d7,6cbc6ac312184e1226efae2776687588e5dbb0aebc5f0f8cdb8fa8d3ba118a8a,audio_group_52fdbc52826e7ed82b68,Drums/Kick Drums/Generic Kick/Loops,recent_gui_correction
bcdbc13e5b227a18cf074f6b9d4ecdf8e4e10a8f32c655d6e357cfafe52f82f0,f1d3e0c20c14eed059d3ce64d64902cb3c2b5342c4e24be7c1b680ff453431e4,6ccbe38a08917ee0891d12fb2417056039c20ba45193e62e327bed5cc2713000,audio_group_413d993461a206f6188a,FX/Human and Voice FX/Altered Voice/One Shots,recent_gui_correction
8b4275655997ee120ac08e7aae8f704d2b19babfabf4f1945b3fded65b7c8874,12e245ee1f0b45f16ca0d7cf475d42d5f173eef960818802dddf113d12bbf0bb,6ea2a959cacad167202dac20b09d43f79dba7e9f6b01c79b52e6af14770c051b,audio_group_5b099ecadf6a86f28924,Instruments/Guitar/Guitar Loops/Loops,locked_human_seed
5ff140d20e152b9a6fa02a226b159f13b40fd251f464f403d2d3f811f3d3011c,557b26f26cd67dbe2bdfff08a82e5ef86b02cf571eeef277d26af8c46825c454,6edff22b16f715a706a19d0ac4ae8b87df7028152834f3dd9abab5916ce718bd,audio_group_5561fd247d809d6017d5,Instruments/Mallets and Bells/Bells and Mallets/Loops,recent_gui_correction
47a0e976994559196e7c6f9ec4d310a3bbac712472393f671418b1c612c70661,f328e82e8a125a57be9dec0bac88d0acae2bce57ec655c1563cbd43f273df797,72bee93998e60ee53fcc53badf65cb80fbb34b4ed6ef39b59483b50d81c40526,audio_group_8883eaa8743589ab4806,Instruments/Guitar/Nylon Guitar/Loops,recent_gui_correction
77bde4cab78e122c767bdf811660288894d109451785479824fd86b0092e4c33,a49fd2fa5660bbe9e1b773b3538d89bfc4d16fa8b5e1c0a93c532984ad953bd4,75c6da8c0b7fe6ef01daead035ea3fe98370f04c21d8cdd050e9f69cbe8d85f0,audio_group_e10bc0f582bd77bd0971,FX/Impacts and Hits/Generic Impact/One Shots,recent_gui_correction
5292583110fa27e62203ccec408cf289aa19cf14f38196f209a373de2a73ffe4,30d9263d3d69cb059ca76b3102541bf3293821afb1afdca1682e3177cf0a5e88,77160de235ae97c8c97d8102897bcb58daab95e2742778dd6f8adb3f376b2fbb,audio_group_1837e1ed2290ccaad40c,FX/Structural and Transitional FX/Drops and Downlifters/Generic Drop or Downlifter/Long FX,recent_gui_correction
f8dac38cf80492defd02911020db9fd846d4e7943514ce5619ca3a32f37e28cd,4077486877eb7569c82a897d180d0b6eb8ab1f31efee51a4cdfd441cefca6f34,774d4c0513fe6f166764ca1f31daeb2fcc7961358275234c73f865f7aa727a3d,audio_group_aca70b7778df53aefd88,FX/Impacts and Hits/Boom/Long FX,recent_gui_correction
e26e4e6b343dc00f1be494695893d174f4e064738e36fad57b5166dcccdd718c,b0da0695da51afd8e60ea7b543f651de6345149239b056056cea9374e87994ba,79151e1db0442cd20ece6b556929f55518a798d6f549c7965f77060c665695fb,audio_group_68b6bb33dbfcfbd5e10e,FX/Human and Voice FX/Spoken Voice/Long FX,recent_gui_correction
65d26baeb0304f261657f546e5bfc74a056d63778562ca87de82afa3681a56a2,b4cffe743b7823cf58f206da797eb3d6fae264dde220d203b1052b39d4a69d68,7992e9235704657e7633a4dd12d0c990f48d4a11d469c35b8161ac0da42bc6dd,audio_group_4942046d72accc83f77c,Drums/Rims and Sticks/Generic Rim or Stick/One Shots,locked_human_seed
9c6d0ee918bf92a13f2c97baba4d350dab7d20d480010d9d3378f7ee6d319c10,a3cdb6e491c94617620713a11ffd163aa80dcb24472226480193a056db5b5188,79b69b1ba76b2eb562094692add927efe514a2e16d1c35336b2bd54c2b976d9d,audio_group_c321bc16fdf8d3b6e75c,Instruments/Voice/Vocal Loops/Loops,locked_human_seed
bb123ae81a51b619c812ff34b9f5de53b49339cb94ddc1a2dbf659b08cdb9d32,6fb8aeba4757b2cd19f418e2aab1fbebb4e158b45790aa5566903336207ebd8c,79f41db36dc0860502def2a7fdd718fd5b3cb33134000953e18fb457213c8c6d,audio_group_26a80a67f1680b72ef9f,Instruments/Synths/Synth Pluck/Loops,recent_gui_correction
9c2ad0eef00e2c902c95795e145b4c167ca5016c63a1c88b74c03e2fba73495a,76e9a418fc0638d7f323530d6a915d9d7bbbd7b898cdc3485c8821a11d0eab7a,7b38ed7ae3df8bd26e15326a2601ca5beea3144d354186e2c1ee7ce4520334d6,audio_group_52ed765d3a772fb3d08e,FX/Structural and Transitional FX/Drops and Downlifters/Generic Downlifter/Long FX,recent_gui_correction
40daa42e32114d68ee1d20ed8a2a4e3fe02e0d2108acbd8a33a7f8fdd168323e,29ac33530b17dfd8bab4096039bb8fb3525fd7d07adf31a890afd06aff18808f,7b485d5ac848db5d709ea8af8271b2dcb656a2762741781cf3a407a8001ae747,audio_group_abc330b0edac206cf472,Instruments/Guitar/Electric Guitar/Loops,recent_gui_correction
e132a8a81449f898c60554b7d26011174476f329eebd65bcb27b6a56dda654ae,59fdae49c2556d6af47662fd687daadb0901579b2e411d7afc6e66e9e4ab7f83,7b940690aaa7f72a2ffb9cd1115a2c23594e3dabfcf4d85dba802a40618f6284,audio_group_fed1f6a2fbd94dac166d,Instruments/Keys/Piano/One Shots,recent_gui_correction
6c27a9138b4138235c2380493782ec7962a08aadc962c6e561c2475e430214f6,bd5f332d48b831d54d7cf305dd55cbdbb3275a10c3ef58cb2dc866c8f826c041,7d4ced6d1c268823e8af2f3196410a20067a16e82fe2e2c49053387fa00414c6,audio_group_337e82369f394775ec14,Instruments/Mallets and Bells/Bells and Mallets/Loops,locked_human_seed
cac63f41e1c430eb282d8abce593daf10e249f6ee3ec06f6440365989f6e4052,77c873fe821bc445242d6bf59f44e0a46dfd84db2d429862d253f136fe8c38ac,7d99585882c4c62afc5c6557d35780545327582e55658cbb045e3c434e0bef4e,audio_group_a634ae3a026ab5170713,Instruments/Plucked Strings/Koto/Loops,locked_human_seed
3aca4276688b34050fed25ba1ed7da6ac7ea05cc38e6f6ac8829c44788f7d40b,f108138bef967f66d787041aab73148dcaebb82a52d51bd8cc5e4f7ebe430508,80ac5d40d43a8a062c5c96a6a5388f6ee9123463968c8e08b8324b73dd6fddb0,audio_group_ccff0b191bc712786b80,FX/Structural and Transitional FX/Risers and Builds/Granular Riser/Long FX,recent_gui_correction
e4bebc3753ef1904e383fe5290ed6ff566a7a3c09c51d493b84e45f207927884,d797d338664ed08452236db3c89dddccf4133d6fd71a8eda2664ddec2ac57650,80ccb404c2b1360ac1bfb402ad7ea0870101bbda904ef27e11a7933bb6806f8c,audio_group_375ca0621e4eb716f98f,Drums/Snares/Acoustic Snare/One Shots,locked_human_seed
1183304280a5621affe6b94461af3c630762a4631ceca6d1313b834097cbf264,afe1eeb81ba42942df57b3772a46e7b402a192afbbc9f7db8376ef4f6f5ea008,827fab308fd59179775f8df8758ee93233c44208e8a983a3aa79dd8a66b0e3ef,audio_group_685a11777ddd666ccfdd,FX/Human and Voice FX/Spoken Voice/Long FX,recent_gui_correction
ce4904e2e45b444b0c7f5ffdd950d59ebc64e2d38fe22ec2022305a188bc9fb7,4c1cffd015f4883870066c90972e1f0603af46a8b6cd9f48515529af99ef1623,838229190f2fcd32fdaa09d9c699042ba19e0ee1cac14317aaeb98494e5f172b,audio_group_3fa6f48558b1744a3467,Instruments/Synths/Synth Pad/Loops,recent_gui_correction
7ca5d0b15e266969282abcf21497f90a5d63a84c5c769db56f5861ca29d4606c,78e86ebdc013d6ce9578b6ca9a94a9a3f9792a7e70bea58832417f92f922034c,84d245e05b9b9fd421826103a868e09032e6f54ed29e4fde183703d1f60da004,audio_group_db09d2f88f487371836f,FX/Structural and Transitional FX/Reverses and Tails/Generic Reverse/One Shots,recent_gui_correction
f3f4b4af5efc2eb406cb0be8fca5ac7a6365975e449cf2a218b0862884741a7e,0176811215dd8d2b243e38835e826cead55f681b98e62d8a01ea1cce255ebc9f,8784069589174ff2b6e344419d29fbcb82fb04cc9ee082d0d58b0f126df5b5d8,audio_group_8911d9e51379dfa1a3fa,Instruments/Bass/Sub Bass/Loops,recent_gui_correction
8cd3190dbe732d44a9a5827a6a88ce4719eda7ae10182e1e0dc1753f48784d33,a08bd358a0f20dfea05610a7fbe36c1c2c8cc3557a2237af62e33d7e63bb9d20,8801f3dd3c87e7be34d2068d6d6e250d6bb743a83c35b6a2aa7cb920375632c5,audio_group_f192970a9084db14877f,Instruments/Keys/Keys Loops/Loops,locked_human_seed
d6f6118418233ac3d371f16bc8e3b24d29e917aeea38efb17d05df615dad5359,62ac66eddaa502ca88ddd18c89fa81f29b5db54f2165793533511028fcb3b9bb,888259222558a8f2dbeb4e78ed943550a4498d095b538833e0b99a851924ad3b,audio_group_312d47cc9ccad357b5ba,FX/Digital Mechanical Industrial Transport/Glitches and Stutters/Generic Stutter/Long FX,recent_gui_correction
261e4af97aa02d86065ab7e9a8d651d336a88d25a702d0b0bb4ac9e95394cc15,2b512112a401f14411ef15601e8ae48c8b9a710edf0d5fa8ff135f777d238534,8a78f072d1d24a9f1806cae0bc47f55970bf726271be79ddd8941becdc4d044a,audio_group_e798aa5ead919b5cf932,Drums/Rims and Sticks/Rimshot/One Shots,recent_gui_correction
3798f498533d138ffc68748ba0971541b6f3b79f2f6a51bd936c7742be49ba40,59c91150ed0c30d11d0cf8f51dab36b0df8cae7db957bccceb652ef15ceb7dcb,8b7991895281677587f7dbe5aac1a4a214a194841f8ea786bdc5afca1e8de956,audio_group_0882d6f161d6c4c98bef,FX/Digital Mechanical Industrial Transport/Glitches and Stutters/Generic Stutter/Long FX,recent_gui_correction
ae8fd61cbd258c551b5b63562c5d69e6bb589445f3bb7d4b016e30b95f9ca3cf,28fc3698881a9679572e6315400abc429dba0a1f5b7cdcf6d1494a3109cd2fca,8b9bb0342b7baec0968e7523b5798ba50b7240d1b25a27648d52f6edd00e1056,audio_group_ad96058a96c831b9cb3b,Instruments/Woodwinds/Saxophone/Loops,recent_gui_correction
2e55749d0dbc9dbfcf7d043a52dd29c65da4cd20a4a3e8644c720b5ab19b2c78,5faf539e15a6055ad67a800c95037c5d316b7386907620bc612b13adb54587b6,8cba9abaf421749a8d81e54084514cef3daf72313c1db7d499129810e9b9aa02,audio_group_ceee5a46fde739585664,Instruments/Mixed Musical Loops/Multi Instrument/Loops,recent_gui_correction
5e7fee00434434828580814de34904213b845a2f06413a2fb4f196c5616f1aa5,0e3232273f3cc8ab8b70f73427ada4f535f325ccfe55c1e528243acbd105350a,8e6564ffcab30a3430f1aa7a4985dc6a9ddf81b1effe70dd2755bb59332a6b46,audio_group_9abcf36e9ae4dc55e4b3,Drums/Claps Snaps Slaps/Generic Clap/One Shots,locked_human_seed
c93a1e49fbba9b64db434383daa97058bb95f9c37e6f9bc9fb0ef1370bd1ffeb,516fd82eaa6bdd3bbd26ed921e4a5668c6e49d355d281c016275e17887161d4a,915cb0e0b5e5f8603e57b16b3e84579e942063db293353ba7a24c90241921a2b,audio_group_19a23d4b8c78ab5ee8fb,FX/Human and Voice FX/Spoken Voice/Long FX,recent_gui_correction
79877b01e1c9abe9996c3dad678c18b93d2e02b6e2f8940c20c85fcba359dc81,0bc766c4cbf1e5ff6a259dc610f8cd58066338922be6506df43c226e78542a9c,91b3bee9b0d0984490ac1366547d9ced82cf5dce820170ce7ebe7b6653aa6339,audio_group_6b2ab5428e04c5793624,Instruments/Synths/Synth Pad/Loops,recent_gui_correction
76ae8c3484677cbb65cd21a7ee0fe1530e86fb99e297a6369ae424fbf08494d2,824af6b818b3b4144a521f00ecf605ed075cc10c1dd9d6e456a443deacf06991,92a6dc71c96d42b35b98d2b804d4c17417c2ef42c34ef723d83043b15e8a1cc4,audio_group_8499201c34c605fb535f,Drums/Drum Loops/Full Drum Loops/Loops,recent_gui_correction
69da21c37f421dc742bf48caa0509c4de548e4c666e56b5d856acf5a19ff8309,55d045ece4f06b2f4c72754d01f82179ddecb62ba7109875a8886c48f87265eb,94e80e72c6c2909351c8ad6fbb1d4e7c905616027b3b19fd65cb03616ec219f3,audio_group_b77b025853e3d43aec57,FX/Impacts and Hits/Generic Impact/One Shots,recent_gui_correction
c10fa30bbec9a3516787dce72caf929655ef7f39acd431d93aaf24ddbca39577,605a4fc09137972d7fa10f196617b6f5b97dae926c13d905d2416ce018188477,953cd20e21503a98aaeb754e084f7d91bac05706551497b66618a1d3115bece9,audio_group_f78ee696cb64d3e59f31,Instruments/Mixed Musical Loops/Multi Instrument/Loops,recent_gui_correction
ee5dc8fa4211e3bae62758a30ab6fd921790771f006a70017131fdc3b0271ea9,fe43be092e60d885deb491420944dbd5e3af605fc17ebf8a2b8a4fdc05d18c33,96110d4cc07f1103c8b8767e9c20f7bc335de65761058124478c7bfbdc2d88e8,audio_group_cb679d23804e1f19634d,Instruments/Synths/Synth Lead/Loops,recent_gui_correction
429bfe56bfd5934012f22d4bade9314a1925974a629bcd0aeb8a1392d85d3c88,8448af323b6e28f68bdb4a1e61bcb9cd0fd4fc34b1e6f19c5c3e5147e1e9974d,964ceadeb0e73b8e8399333620824f2a2db9f66957026584fd43efef8aa3be9e,audio_group_22d3cf90e2efc240188c,FX/Designed Noise FX/Siren/Long FX,recent_gui_correction
b9332f4afe90211221334db8a2efb98896719de251754515f0e9e6754a30eb97,383459cb7b27824aa497fd29fe3cd06319ea273cebc6c3971169a451d58c9a39,9668ad4ffadb585f681dac94f3ec72caa352c3cfb62972f78df294d40ac628ee,audio_group_33d74cecb1be320da421,FX/Structural and Transitional FX/Risers and Builds/Generic Build/Long FX,recent_gui_correction
5ef4b6dc419e3096e34e10724e3cb179ef10340a34a65a91d8a2cf4d59b4488c,a37cd22710d4d5555571527a7b73fc6110469197f66d72945c3a867c988d3cc1,976119d73fc6f05d771f483e0ff79c20bedbd01a0627f2c6767e46fd2038e277,audio_group_a383b3c9b2dd6f4c7d8f,Instruments/Mixed Musical Loops/Multi Instrument/Loops,recent_gui_correction
23febbdcd375fdca3c7f49fa5e88c5f5dca6450c5126c1bebbe0e1a6e5518d5a,ce49c6e00f347c84c9755b9e60c5ae20769c53fb3fd18dbd9b3fcab92364a1aa,98369855b57a716f840be86fb4e280c5bba2d82a49b599b63259ac2fe81a588f,audio_group_2d4fdbdcc7e4e3aa723c,Instruments/Mixed Musical Loops/Multi Instrument/Loops,recent_gui_correction
9ec761f4cec161691364c07e923117a36418752f0d0e65e7c1596ebc0857d5eb,2d0102a5957530552453a2aee67169e8f4511cfcb4f2b95d8efe24d59ac8af65,99450e9ab1f7d95724ec2846a336331501c64ad8a86140c3a9210c4d39000657,audio_group_71c5e7fb5eb0d551180d,Instruments/Keys/Piano/Loops,locked_human_seed
4a2999aad852ef11ceaf32214866f6417030d1d0aec1adac958e185b26d71aa8,c6c9cba0b5c969841ddf08c4762a6acc404decc3859d01133c34be3fd7484602,9a2857d5598a8455375f903d5eaf57055c1199b0414c1251bf2617b158e9a776,audio_group_dd9e8d3b9d94e48acd09,Instruments/Strings Bowed/Violin/Loops,recent_gui_correction
4700e83c1628cb419bd670dee5a40706c9496588558601406321e2a59549ca93,9f6ac2f69a006ec9b8183d273fdb7c78b3e26685ca6ec83b9352022187d5653a,9a9bdc812aa60d31d207c8daa177c6f5588abc38ae70c78a1184451c3bf89549,audio_group_ba41d9b31ffe10363e80,Instruments/Bass/Electric Bass/Loops,recent_gui_correction
4f0d2cb66245ac5b1d7f290cac35a534e27ce27fd0a50dbb250ff26abfa29b3a,5c7981f6d7d935422cc7bcdabce7c8a97abeb5210e42e69e276be0f887029d0d,9ac49c7f940262fbceb8c964b2feed316f1ff9ba1e4cd0694ee2ede4746bb4e4,audio_group_5ad0f09b5a9bbd957393,Drums/Snares/Acoustic Snare/One Shots,locked_human_seed
734a3aed982ab1e8e1c345a76fb13517016f5b14c0e3f549e858b8440c768548,cf06e97bf5d79c65cf1ee1ae86e3c263fc41f2f6832b0ef35df6647018882202,9d4b0d6d669a7f56adadb2ef5ce45ce7cc1301e6fba9fc075bd528a9f8ef7f7f,audio_group_22768d38342d1b7bcd95,FX/Human and Voice FX/Altered Voice/Long FX,recent_gui_correction
ea111aa9a812e481c56cf883bd52b7afea68061ea7b3265633d71f848d8c5ec2,298b068e8c54110f282f25f82f2a6a785c8b0ccc93492ef0bb5a4306727a66a0,9d55d73f9abf9646ab3e976aba6fc1c0c3eb7a7862070dcef18cb7393059c2e8,audio_group_d06d28f736423141f0d3,Instruments/Synths/Synth Lead/Loops,locked_human_seed
b9f394cf5b2440b5d79ac5fe904d105bbb5ea97b02814caf0878675afa9da7d1,5773a4486dfbc77924ffa6ead60337eabbd8458fd9e59dae7787ee7debb35254,9d65eb832e63c52a40bd2fe81460dc2e9c9c295ca8cdd9be08759f5d028a67c1,audio_group_aad8719b96aff814e8df,Instruments/Woodwinds/Saxophone/Loops,recent_gui_correction
03208c94dcc5b0fe6a5e6e687bb55f9f36b5c29a9be5908012d463cbc23ef8c0,e6751bf71acb20cae0c18bcc571cd90940a31ba267097c4f95f95be3ea94a9b4,9debce55eef1490cae4b00732888bede396fad4681baa0638580a5e3de216b32,audio_group_f5761c4389b27bd7928e,FX/Structural and Transitional FX/Risers and Builds/Generic Build/Long FX,recent_gui_correction
e797a0b62a8a96f944d54ce41aff0cf81005377e7deea4daa70ee5c9b78d8815,5f0033739585d5223cc8d5c0c0c7e9da3632941538e082dc590e40f938cfc757,9e1262e79f8334819e5c0eece5336aaeccbfcfe6bbeac45696786f470ea6009b,audio_group_1c5b70cbb24d7d2e9528,Instruments/Synths/Synth Pad/Loops,recent_gui_correction
18a1b917af12f3822b2b2c5ba468b3d1e448f316ad8424c01644723f72d52c73,5d90a8d6c20f2f8b0937fddf08f45aa6a2de02b30805a7ee118bb295930784a9,9ef5bcbf83ea02b26c670d7508b9c390b4bc50ce398bdd08ebd937331591372f,audio_group_aa00b8fa54baa2f98e26,FX/Digital Mechanical Industrial Transport/Glitches and Stutters/Generic Glitch/Long FX,recent_gui_correction
278409137ef71543d3e8a09bcb7eed5f84ecd5f877d65c54e4f3508bd1444ebf,482525d772836254ab1633788320e58507de1665e5a97128cbfc71de3150f619,a0f29c9469d038935146f91dd3dd2f951d75ede71410dbbfe231491f0f8f3dd8,audio_group_5a535081775f96a3eede,Instruments/Bass/808 Bass/Loops,recent_gui_correction
afdceafb647752338685e2abc81e19728349af72d53a10d297b20c9b177fbb65,b46405339a3177d593c311ca4e2e78398b0967287b41b45a8402cf337f88185a,a263a9c0af81706d1d563b3fe6eddcc88d1f69d8516a6626b67722e91c9ad966,audio_group_1a2b1e84d3ca07e98cc1,Instruments/Strings/String Loops/Loops,recent_gui_correction
f2e3c4d4f02cc52c950750a4510535c38f82a076354b6775a21fe4b4994d0812,444d2da68a278292d7537d738a9df83b83fe8be5d045f015ec1e12eb326aa2ca,a33f05579dc7cf19f585f732341682c095a8c7bead82d7b587f676f3706f9b2a,audio_group_5258c8bcd37772de0d1b,Instruments/Keys/Electric Piano/Loops,locked_human_seed
769594227cd2437ddb5b34e5d28313fabbda684596c58d9c04068984b136c3e9,622672b2dab534246a10ca3c8399f7c751d6e88d6ad488e7157f84f46ba154b6,a4cb4adda796446fd80992b3023ed1a6d3cbec158f16fa62562280ebf6385f23,audio_group_5441d2a7eb6933f5055d,Instruments/Keys/Electric Piano/Loops,recent_gui_correction
bff584ce1f71784b5eea5e10a6140dcd0a432c8209afe1f93839b096b1a04ddb,9c2efebd681be9f2f8eb1d909cdd23b0e2605edebd3e8bb3328eb22ff3ceb8dd,a550d5dd5e69dbd8a321098f9df00ac79a9dab32ef722c4cfa723ba66832563a,audio_group_69a5e326f5b72722a7c9,FX/Human and Voice FX/Spoken Voice/One Shots,recent_gui_correction
4fd910aaa64fa75aff3ec30c1e7ec4f72417012f8fddeca5f8b4c8a58816b8c9,12f8778cbdfc3b650470a28fde1ca81c90fbcd0e49af59e9b93ea8982641913b,a5c18ff77c504b0761721b3a0a238f9ebc59bb67a5e7918c60d1c26fce958548,audio_group_ed402c64fb1911852385,FX/Designed Noise FX/Siren/Long FX,recent_gui_correction
eb56e19740ea0d10da906b09ba09a76db38579309ccb80c688cb1104f70d7358,2876a27f5380400e735f7bc46941c292d1424f7415e4893b8d21d3015c76bf79,a622eb392e2c729243f50f9ec482b18e39a90f6067ce1ee1a4d922fe264edfab,audio_group_e375dd04ff37f0a0157e,Drums/Kick Drums/Sub Kick/One Shots,recent_gui_correction
f20a4a0bdaa3a6c89b7e2addc18489a73e976afc38084c929027c6f31762a83a,43374bcc223a340e50c04fd9fa0f0ff136b25b7158420f9377a3a579caf2e094,a7043fb716c907e095d74c64666fca304c539f026305c6155e48fd6e881f53b5,audio_group_45b10addc581526d26f0,Drums/Drum Loops/Loops,locked_human_seed
1624c11f1c81094c288b3ca3fd621212bb060432e752c1a1b485d0e8dcdac6f1,c14db590ed93259589568c004be6a2fbeb382d49a001c916bcd212eca809a68c,a7b02069cdf475f171a381352376741cd78cde3c243475e33aa7714e45c830dd,audio_group_eeb93a9ec764c0ab15ed,Instruments/Voice/Vocal Loops/Loops,recent_gui_correction
dbebeb90d5b12fc80163078a2e85d879263f67564a9c9da5b133eea734e4ef2a,999798227517b0b115ff8b39fbff2766e0ead69bdebf800cafb1e0c03f5ac734,a8f7e61283499ee0e036895b9813855d00aa3ada57b63a1eb4d2d28f1ee29374,audio_group_0f6bc7e885320b891457,Instruments/Synths/Synth Pluck/Loops,recent_gui_correction
6be28a5ad92d981590bf1a3b69213edc11135f0e29a199a91f4520398f529c66,12e94f0c0ae2263d3e41d74b302875b6c88a843a3ad16c6d4f5198e0aa3dbcdf,a9e7184dfa881bd4f9b896bcbedf77366766b0ee888ace3fad2a8e348c85ee15,audio_group_45e3019b741b63e7d4a7,Instruments/Bass/Electric Bass/Loops,recent_gui_correction
4c603a3133d864778a9badc5781e4860c19852e32c40c0ed8c3f0a50e182fec3,48c226ed32450eb9cdedf1b19f5fc0b06738860ac7764dd74f2f5250085fc8c9,aa3d363c2ed67a16a7e2bf1db035e4688237542de7a8938e201034cab7078491,audio_group_3fb25c7f853f9a952b8d,Instruments/Woodwinds/Saxophone/Loops,recent_gui_correction
63f14c3d778e768e7f94b56b8c1436198ab3202ec7f90e84f7f819d9fd99c08d,3047bca2673ed11dc0784d68c424697915323142247e669a3fb4c40e09f29362,ab0c4142dd879baf225abcfbc4aeb9f7b34c3bbf1549a22bafb4bba538f993e6,audio_group_6de089bed8220a4d865e,Instruments/Mallets and Bells/Bells and Mallets/Loops,recent_gui_correction
0fa1a52d96fe6187e3542740687f53c888afe7b3fd65b03f0716039132057651,201664b65e342e833819d74c195f25fe6cd4fb7a0e688a10267ba99459fd2243,abf44d289120262aff89fe2cdf13541781313814ea44720ba76733226390acb2,audio_group_baaabaeb2ab7045893a8,Instruments/Woodwinds/Saxophone/Loops,recent_gui_correction
008d8ae5af33a8bb3b746a94b015091df256817914b31d294332fcdaec584033,d1cea776fa05ce631e585491ea7e0e8197283106f34b806b67d975254b2c6721,ad6f35fa7d5179367ca4e0221dfa2c811f3e805fe55ff2940aea661b8cdbdcf7,audio_group_af940d4920c0257e9a53,Instruments/Woodwinds/Saxophone/Loops,recent_gui_correction
2719bdadd77149be7054783df54d661bf0eb4cd58451e69e068b711d514b3751,cabc46a1490c6149645f1a07ea470182fc2bc49c83c2200d025609c12abefa46,b06c174b22fccd5f873934a769a536a2a9480066d4d713d68605fed16da22410,audio_group_c3017b5c73f330f46f1c,Instruments/Synths/Synth Pad/Loops,recent_gui_correction
3bc4a03856edff295feaa314667e2aa8cc381ebb127b32c1d727c8136178e02a,7482e98d78a540132a2fdfe64904812f0fbb0a166c909f8a714c3cca3bdf0e3d,b1a4b759a204a4b2d05ae5badf3b057a608b6a57e9336c7a3bbba01c70b9a765,audio_group_7bc2ec39e8e4fde17007,FX/Digital Mechanical Industrial Transport/Glitches and Stutters/Generic Glitch/Long FX,recent_gui_correction
fc3ea8b09cb2913bd11d1ffa2b104979758fc3cbbf4260da53980031f7f8233e,688ed52f302a487e5db4b49981c9c851fcda43b1ef35698a7048a2e6d1e63a5d,b3430f2318a9f95f554f4be1f1e946130103bc2756c74dca434b8d4056609f81,audio_group_5111e8f89cb6c15a46d9,Drums/Drum Loops/Full Drum Loops/Loops,recent_gui_correction
fae0bd856a821575b47cb1469020109a46f2b642e4aba20c101903c64f25ad9f,317d047505022ac2a94df7183677e5375a08063ce20fc16d4036e392d9321c52,b5006d62a4f76819bcb31b713bc9bd5cadb5378dc7315613904d3d4c72d40d64,audio_group_abd6aede63ffd625eaf6,FX/Human and Voice FX/Scream/Long FX,recent_gui_correction
63bbe04ddca0833670843e1d92c048ff1e4575cf2ac5874de0ee4cafa6f5d597,093046a4748f768d626292fa432f410a83e72d1a97aba858ee65480bb2dec4cb,b5182b488e596caf8dcfaebfe0425a6c934b338504d5ec1628d43d5d7d2af304,audio_group_1bf132277bb97e669a11,Instruments/Keys/Wurlitzer/Loops,recent_gui_correction
f5af650b8e2fb091ba70e4b77e30da6937dbe0359f786ce7863e157b1451179a,8d05f52b98a70db685e0a6fa2291266590b67dd3717da0be7c62a36c3b664b86,b5b10b960bb5a9a2c7c70755c81b1a63022a81d5305b8a5223c9bad99ec683c5,audio_group_4b56306528cd87a13d8b,Instruments/Woodwinds/Saxophone/Loops,recent_gui_correction
41c71779a718aaa8d40f50b6f6ec2afe3ce2411bd102e473a76c4a6555add906,57e659970627f2292c7bbc73ea347e3f275f06a5d4c39eed6210cd1b2493f1aa,b7cf3b207f4d0d609e236926b9ad0181fee6300215c9d38ae06b772a8e6a03f2,audio_group_93915a8615d53c0cad27,Instruments/Keys/Rhodes/Loops,recent_gui_correction
9b5b2525e67d88c55184f478c67398aa112ea621ea755a2d5817ba700878d87e,005592dc1d51d6150b004cf4ff6bd6c9e7c581b4a2013c1b8c311ea42aeda139,b7e028efc481192e202fd9c03a8be93fae81181220cc5c63e280dc6f9bdb360f,audio_group_8a4210983c2674bc4858,FX/Human and Voice FX/Altered Voice/Long FX,recent_gui_correction
3ee0ae146fee51cdee78500c1f4fb094fc88fb09ae5fa35866088038e9f24d04,ecd5b26d6d21854e2fd8a138d2ce8ec49bb9fad809f601af2656bbc49cfc5991,b8e6763ec0f56498172ae4c94982c25ea17461db02be18201cee94b5621f82ea,audio_group_b31a741e415987b2fe7d,Drums/Claps Snaps Slaps/Generic Clap/One Shots,recent_gui_correction
290aa9755ae624169a7dfa6e65cbb9f791d89a29cce5b681f405a4d35a92c154,bac5bbe83a8d9846a9cc8bb5acf00bd85699a61f73bc291e2faa240658cba43f,baeaeb718d57843adf17894754cbcc68d6af4a6ccc2a7afcabc2228caf87a73e,audio_group_17fb1c31d35690e1d90b,FX/Human and Voice FX/Altered Voice/Long FX,recent_gui_correction
934ebd1cf52594c0529809a24a53867d83f23bfeb046bdecc36f1d367cdb52ac,783bae9bfc5d8d70ebdff08b9c8e4f8d5ba5fc3d7f945e345b8534c652d2a8f8,bbbef14a9887f810e84f77013f7a42307c758b33d9f7fbb7eef8a27006c456af,audio_group_69d94089b9076c1bb94b,Drums/Snares/Generic Snare/One Shots,recent_gui_correction
ce1bd21bb104b7e89756aa60776e24d15deddc3dab544f224048b0e4bd4128c0,7683d2d8a8963c0dc5b3389bbc6ce09b4ce01d95c6813beed80ed73efba5d5a9,bbd353f7cfb697680d1fdbb122a3eb3bccaaa9ac5958a9c5cd74608f5f0f503a,audio_group_f147ceb014f7a7da9251,Instruments/Mixed Musical Loops/Multi Instrument/Loops,recent_gui_correction
47075572062cf23d27ea8a6fa0ce17b179e2b2a31e528abd0d4f06e274410242,782ae88b14eb1d6bb0b9a060c2f5c98b825de51485d7536ffb4f2d6528b61c9f,bc0c3f8ecbe4b9573158e0ac9cbbb374c5b61c0deef20abb2add9e129577f5ca,audio_group_ff5dacd3c1ada8742f5f,Instruments/Bass/Sub Bass/Loops,recent_gui_correction
0a1d13af2b461ae2270c39134529a613e81923ebd2b509d2fbdf6f68052e699c,178ba584079514edbcc14bd1936123c97f1da7078db1e354a0a518b9ede0d43d,bc76713e41b12417266e995c25ff3c1439a52fd08ab3cdd0ab4ecbe97c11c487,audio_group_f29568ae986aed26754a,Instruments/Synths/Synth Lead/Loops,recent_gui_correction
0e446b7279c53ccf85c5cbf613241bd5c6f25a6009b0ddc82039187c5c8bc8ad,61e095fe0e67dcf890d4cd8c6ae68576d5b629df9f9324e056b97291739c1b83,bd1492c86d6090a3e04c42f3b228b9c8fed6c5417d34b199b0e6311b8b5960d0,audio_group_1116aa68a844aa6053b3,Instruments/Voice/Vocal Loops/Loops,recent_gui_correction
feda5fbc24c7df2eb1d58de302a65d7fda0c36d80d700fff55b730f888bf985b,2aa4ee1a4f64b87ca327c50f729458a5813e595c0f7d8b46bd3296b4c3bfd50c,c28eb45cceb4aa473472cfa3bccb39cb5d97e0d5208a9e28161a9b89fb359025,audio_group_fc278a581e8ac98a9c0b,FX/Human and Voice FX/Altered Voice/Long FX,recent_gui_correction
0422da63d1a60dbb18e78ade13d4cb39f344fb2d67922d2a2d4abab69a08c846,219fcaa65517cf598be1f8b2d289e2064b373f587d4af660fc7c6db04897fcde,c6154b3919584d0e8238b78902c073b1258593226d3ef1d283c8969f4863e8d0,audio_group_3db9c037565bf926aa4c,FX/Human and Voice FX/Altered Voice/Long FX,recent_gui_correction
be672456f1074053e36da1f461880d7d285cd81431dc4ea10ee15d52e6171ace,b819018eef97aae6511a65911fb310b406889a51ba68dc1e76b96c8293fb54bd,c61b37d145d168c50f631ee2f12eecb676c5d61d4e36d7ae8c317bbaef933a31,audio_group_bbd96499bc086fea7f7d,FX/Human and Voice FX/Altered Voice/Long FX,recent_gui_correction
9e14493b2918a7080b690c5907e6b5b29b59c07ce01561f88e8a83c057e45ae9,0984e7a4258f725ecd1cb9e344c358cef035dbcc48f9524e78763bea3b7fdd3b,c88e837fab96e4999b9d4d6d04c1ecdcd2922a1b429e528474b19d20d0fa99ca,audio_group_52c782a56e5ecf99cb2e,Instruments/Brass/Brass Section/One Shots,recent_gui_correction
084aaab37f1d0d1983872285df0866f1c5ed2741d2b9e1cf73a3485c57c8b626,652c3879d4a27224ac0513fcb7496f89f2cbe24c4f6997e6c270c5288d06db6f,c8ada03be5fbe4ca70c1c0794041574b941cdf0e447fefae5a0362a16cf2c710,audio_group_d2a01d472c19385db82e,FX/Digital Mechanical Industrial Transport/Glitches and Stutters/Generic Glitch/Long FX,recent_gui_correction
14195063568daaebab10e29639630793d41ecf487ee6d3d222d407aa20bbdb33,f662933d1dbab9bf140727a3a61df07e3d07417781b95987ba5b7b8aad2a9072,c98c349efcb32bd9b1c3f41706322f141ccca54ca89af482d7c1f9810e4ca5ed,audio_group_5da05333a158bdc0501e,Drums/Kick Drums/Sub Kick/Loops,recent_gui_correction
0e7ead99e27fa6fc94943d68a99682398303640c486eb5ce9334ffa0997ac4f3,ab9da60a344b0a2c647c0607147244e65038a78ffc55c22356d0185b3af48121,c9e69e42b779b51918dae5d66dfeb31515c7c6c6ea3ffd426d8d223edb5428dd,audio_group_2beced51a08211c0727d,Instruments/Strings/String Loops/Loops,locked_human_seed
57a2f43c4ecc896b5c50c6a580533dfc06f954ef86bfe649baffc33e34f86d73,36bb38486f7a579c4cc9b98c5f0a0140411aefd16db829b46745c4fb101c4567,caf0631b892a46361469d46d68467437c904a262a46eca2522f9536710825dc0,audio_group_feb5eb444aa98b28d498,FX/Impacts and Hits/Generic Impact/One Shots,recent_gui_correction
2733a1dacf5db1b18e94652ad5fb579bdbce26444a020d9cfb0a8ee8f76484f7,cc2fb4755b069b4e1936a3c3745bae4e254a4c56778ddb30fc72c1db1372c4d6,cbc61c53cf20a63ec952611c1c68918bbed96adba8dc025492606dedc3ad93a9,audio_group_c44c08f193651f806793,Instruments/Keys/Piano/One Shots,recent_gui_correction
821c6a8cad0fa8575081d81632b36a89664a58ded2c998f130359032b7beefd8,3c339a79197d7be1013d3bc209b0e5544400eb471225ed1aa2fec0a1d1eab9b8,cfaa15f27b02a22e927a1f79ed7877ccfae0c5ff3d2375c4c98e0352bd194a20,audio_group_f2c07e27a9c03a2d66f7,Instruments/Mixed Musical Loops/Multi Instrument/Loops,recent_gui_correction
e154d3a68b4e578ec0884c7a40069277cddc97b04e82511cf39df628a70e3b27,f2d12f8a74dafb2a48e926b26e501ac3d39e5973a381eeba8c92db637f8515a3,d012011a35c793c7b54014cc2d50735fe2ef4fe786bc778a4e61b76f0f8a9b80,audio_group_c2f5491f40319d7ed533,Instruments/Keys/Piano/One Shots,recent_gui_correction
75a33e7baa374f0ab55b7575cad2ccb5716a735b45ef72e4d26d06016fe949bf,3774e711c6345620f97d221be20422ed1d800f8bf4fcf1f2dd4589acbf07f6d5,d30fce3a10f43600092d1469937564bbd03b97f7ab48e28f0341ad39a4b387e5,audio_group_cd65d68f70c5fa334e01,FX/Structural and Transitional FX/Drops and Downlifters/Generic Downlifter/Long FX,locked_human_seed
532c4d16eb5a886049d4fd220eac89f9b25572d32d18d87a37bc18ae55d13a04,69eac3fe98bc5646b39f7bc8dcd85081ff7fcef6e2ac539518d23df0baa78002,d50b46a32f2cca3561ec4fc11761fdc075ac59de5ddf6334caf3074f52a8e463,audio_group_7fa29dcdbf7c285363b9,Drums/Drum Loops/Full Drum Loops/Loops,recent_gui_correction
42a264500e73359a1c79c59ff996ab11796756c8e9df052157db2f73cd37b761,352996a87437ef21b0a4d62947f75bf364f8860a947d08d3e696857561f6a996,d9bb291d756b0b19ef17c0e977394aba291ffc1b33cfe23f6d278aaae833df9a,audio_group_5e953758d9deef827cc3,Instruments/Keys/Synth Lead/Loops,recent_gui_correction
d07bf0258c730f8ad01651694ab5381d4143d6b1cf311cfd3ed9dcf0683b864c,46306e5e921cee2dff6fc165bf1dfdbc6bed9bd53006bf55648320155d8fd201,db0a571c1478162168ac32c8733b8c1c609c7f30bec6912d9b368e0f4e644b9f,audio_group_7fc349ea1e5922c385fe,Instruments/Synths/Synth Chord/Loops,recent_gui_correction
fbe07e118e2426217a661dadf3e599a9e1809be41d3175c00b311d6d42ff04f5,16762db238cd2dc252233dd133f9607ec1bc52c05104e602a0bab4fba71c8084,dd365b247733b4f5a9e9fd3fc19d3a782134a2948934ccfbdfd2ccb9e75f8529,audio_group_e2b2db1fed58d619903a,Instruments/Synths/Synth Loops/Loops,locked_human_seed
d8fa388234106ad60a09ac4a6f5cc95fb24985dca459594e0763819a911248f3,5d1429245f6952a283ace829db8e1a851f11e08344111719252fefb1aef35c10,de6d40ae12a3d05e40d809981fdda1a75b0f567b2d4b7d4ee60b754233958688,audio_group_5545fcde38e905b6b1db,Instruments/Keys/Rhodes/Loops,recent_gui_correction
9cde74d13e346609f29700eebb42beabe78afa7865b876fb257ab8f2d1320167,e0394488b1acf19e3327bef25a529b81db346154662c80c4d4e92a140627bdd9,df4354581ea5c22aeb54948e7f1b28a9f4c3f2d9ff8e75ded0e52e1523f3f326,audio_group_fb293b22d13ea93eb8b1,Instruments/Synths/Synth Lead/Loops,recent_gui_correction
68b061e287bf13caeaaf8600b65809c003918ee19896c740ffb2b43ac34fdd15,26eb0ba416290f103ab3891114c226c69ad4a19c6295b93d6ec3ed7400268a59,df51498b9c9b173ca730954c7e656983cd5e120ae4348f47721baafa3e2e7487,audio_group_3f8e6ceab333fdad3420,Instruments/Guitar/Acoustic Guitar/Loops,recent_gui_correction
f2988ee5af50955b6731a7f0401384ac83d93225fe377bfe5dab30c4a7285802,4023616de1f76f1e61a8c5cf1682ca3552763869c163f9cad8c2fd2bfece5762,df6521d0331105a655c900b454b0fdb866d63ed35ea403d12b65d4836a4d501e,audio_group_a0f983882d9ec08a79a6,Instruments/Synths/Synth Arp/Loops,locked_human_seed
bc30aa657d35212d2fddad9a8fe9833246222db7c46d2cef27b8bb1963e53b7c,f0d84623eac9ad18cbeb7fb423c710a6de209e06ec07315e44adcee84f03334d,e03fb3799659e20642217f500d7db8b95700b316ac6ac41e387d18843388eca4,audio_group_9ed668ab28573ad168b1,Instruments/Guitar/Acoustic Guitar/Loops,locked_human_seed
01334dab6086e5f2c419b55603a52dd6ed08f8dd48ab1d2e6964ef76ecab3dbd,dbaaf44a93615bcfaefc7c0a1e83261e1296eb4fe5042115943f065923bdfb70,e0443a0e2915f181f18f3d7188f7d08dcdc72d110f1380083209c6ca67e6410d,audio_group_be5f029839778d69480a,FX/Human and Voice FX/Altered Voice/Long FX,recent_gui_correction
76316963e09588389872b127917b3bb86814a7eced98be3071e2a7e934497725,845739443308bfca551e395cb3f30612c1928df3000024ef56b0c77b09233e8a,e3d7a95a098df0ec1717e4550d73ecfdc039a1ec4a72de1b2765be21446a1b47,audio_group_a09b2c64dc8c93d5ea02,Instruments/Keys/Piano/Loops,recent_gui_correction
2c981159be114c4b025a7cfb2d5060158acd045487077c9cbc02c2026659af09,5a827e6d2c8efe4fccc5f0d384773d2a165f82b4bc22b0680eaa61e77ee80dba,e57bbfe2e1a130b51315756a2cdaa9593e1020a054419edefbd27a3da2fde0c9,audio_group_130ffd2f9b6992bc15ed,FX/Human and Voice FX/Spoken Voice/Long FX,recent_gui_correction
8a0d8bf193002c78e0bc0c9f6eae38e61eca9ca26f4244548ecf2b6efd1405ba,979efd99f6c79cd64d990a8cd60f90362b9d6b31480abca226c5d8659e7bc48d,e66b941f1be523a85726753db1b36b52f836752b101c92331fc5d821f0a1a931,audio_group_9ea7d49465ba52ae0f26,Drums/Kick Drums/Generic Kick/One Shots,locked_human_seed
57b388ecac53c97f0d6b3919482effd225e8fab3d704a5a089e6b46b7ce8301c,cf6b7a93036dda00f2274bb53cddfaa2c180ec72064051cac9581f95b41d0838,e7a2a73c3a27c6410361f1c8e1e1d2c3f671223baf49e924490e20a0ce683849,audio_group_7913dd84ed1e8e8efd4d,Instruments/Bass/Generic Bass/Loops,recent_gui_correction
2f14ce87f4e872f2700ed93e1cf9147b54ab5b91ec12f02a380e3159aba3073b,992204de578f44a2eac69ca195d07e1648f5d690ece62eb235c754466fd0bc08,e7f89ff88359d79b9cee6aac3d716ec0f76a34e40847747b3d6ce0be639fec11,audio_group_9f94e101a6fea8643a2e,Instruments/Mixed Musical Loops/Multi Instrument/Loops,recent_gui_correction
b8e822e1111430f0b29e6563beda148d530b7e26d3f429ea1f831f260bdb1846,fb56b66ec2b75185df7beb06e81173f729ad9ca7ed62a8b9e8590f82338eb2a1,e951d8103dd80ff861ada7fe1a17b774ccab1db4c61c5e169a2306dd3b2724a7,audio_group_7eb985204db4b5fc46d7,Instruments/Bass/Electric Bass/Loops,locked_human_seed
71b7ea4ea096ccf9cb00316c49e1a9639a1b0f671663e1fcc381f1e111a1f79f,4de68540b8d8b8f190cf1c792bac4719cfecdedebcc9f9d0b44164deed81db42,ea03e056fd21fc7e797deb0d06224b116c40fdccb7e47b01a4bae961da31e6af,audio_group_f07bd6d2f69007f22f2e,FX/Human and Voice FX/Altered Voice/Long FX,recent_gui_correction
51fcff699b44ad0e1eccd583b31eb9dff07b71140bfb91a117e07c06afa469f8,260b6ac9b21b5dce9db2525f52326d1ec4b99e159a7d8af4946bd2aa25a3c7fc,ec4d66e0a5f95837e564472fd6a5e9795d3aea7dad80a62d7284ae0f0622b1b3,audio_group_104cc4ef637247a80a2a,Instruments/Bass/Synth Bass/Loops,recent_gui_correction
5d46607706c92a9769adb542dcd5cfc18c93e64c0207ca993482a302559ca3ea,410ef5d7ed1c8b43795087405b7c5a6e2376aa3f01a5cafe2ad5de70cc6fc3ef,ecf45361c017d30c7d90352a27f2278364f5351f7f9993e529002037c05da6ab,audio_group_6882a59ae50c87f1bc96,FX/Human and Voice FX/Altered Voice/Long FX,recent_gui_correction
c1fc387a1a18af327ce5a2ababd3161997ae907a9d0786faaffd78625ba18ba7,ca3cc9daf6dda12f0849768b174d959e22c52f60d21a165556a4b410cc49b488,ed4985dbb44f7eed264e1dbf515a4f777b430ab9247b782465bcdd4956aa81cc,audio_group_23adaff798e3f9aee48b,FX/Human and Voice FX/Altered Voice/Long FX,recent_gui_correction
b3c54c6e7ba2474fe39fc2a0b74a9d801a866edc8d86a8677ffbf6c61c1a8589,b38d8a3ef2839e5e7e348f109b6be789eabad7a285ccdade4d410b9bc71bfde1,edf9a9d8a072c2acb80bc1990539aca3821a5cd2062616a9389ea033dd7ed1d1,audio_group_0331c0e510f510c76fd4,FX/Human and Voice FX/Altered Voice/Long FX,recent_gui_correction
1b8eafa69911d90168e821352f7fbba199405b4b7d7f4a52bd721630e194694e,a90d5aaf0ce740a7b00937ee1f4e3f508b7cbfe3a01587925f8dc60b0e60b7f0,ee1b6a7705733afe09d9a571bf43d031527763f3ac7dff0736cbec1c8c17194a,audio_group_b6e9b7fd90a7e7a54508,Instruments/Mixed Musical Loops/Multi Instrument/Loops,recent_gui_correction
dd8ed43c1b7e21e2ae93c49a36b77e3f4d2fc0cc006f0140621725288922b8d2,b170fc05720f3b00d2f8e3d621e11893af037459ce5448bb31be22907910d71d,f16df80d4a22bfdde9f2f06f18b94fa9013a14417a5c070e3f0853c4511d05e0,audio_group_3b658dfcbf4208a645d9,FX/Impacts and Hits/Boom/One Shots,recent_gui_correction
8fc33cffedb832b0bdef04c725a0be70757fcf152683b52c43ca610397180856,aa60038c4b09cfc26a5440b86cb4b0b5a544549fee8c6b3a426cb6f95d56d163,f1f471690ead23805a9faf28dfd97118492f18d089275c4ed8ffa90fa650bddd,audio_group_cdd148309334d0933b44,FX/Structural and Transitional FX/Risers and Builds/Granular Riser/Long FX,recent_gui_correction
8fff53538e9ac9fd21b04ab3be3c709785b8c6535ca495ca185193b9b1ad038c,8dc5e75191c700e1c85fd5cbdb0c6106628c5f27d68b14dd87780af0ac5af5ce,f318a718c30fc886eed303885458d2b798592ecdd997a35e61db94d539da8d4c,audio_group_47c7fbd69b3b78410465,Instruments/Guitar/Acoustic Guitar/Loops,recent_gui_correction
1da04a0b614282b2d4b2223a00aa8169dcfa0888ee0e11b8b2dbad08a90b68ff,05bacffd6158fe2c936f52cf3002b8c7c34267f1000176346692cb01c093b082,f8049f4f6ffdf1e9a1a3331a79089717bda75ead13be9af30fab73c6f0abebcd,audio_group_96b4958b263578fd7f24,FX/Structural and Transitional FX/Risers and Builds/Granular Riser/Long FX,recent_gui_correction
041322581e93b82d59b02b72a94e5667c54456c44d6442fdd1ab6bba54590512,4de5f690dfdf6877aeee316b648f2839bee153a87f9ed113769db46f2ad13af8,f952dda9ebca8ef9d545de214fd6186e8c5865ff782413643eade615831fb05c,audio_group_d71a33e6b9132c9428a4,Instruments/Mixed Musical Loops/Multi Instrument/Loops,recent_gui_correction
376e68c70723f184db9ce0521c9471ef89905a0b3518ce409d8a2a0f8f884b83,5a5a423e9f97fc3db2366c30c94d71434ad54fb29471c7a9aa7ac10ce8f52a20,fa7e919b1bf0896f68c744d9c34051461e23380fee3b7de0f3b69c41425ef257,audio_group_cea7e4e5576ec92d5c9e,FX/Human and Voice FX/Altered Voice/Long FX,recent_gui_correction
e2936b2f643d493e8be43b5c7e4e1a54cfa3995a42d6fb3140e704cf36917ed4,29587aad68b21e7a6ad481317270f1a5096cb7a61a7ce61cc6c8ab2a473ec60b,faee6185395e0980474fbf4d6e9e8dee6a7687ced058b4aa878f78969b8ce932,audio_group_997b173744bf4733bf4b,FX/Human and Voice FX/Spoken Voice/Long FX,recent_gui_correction
