seq,group,folder,ordinal,member,neutral_file,path,top,ok_broad,review,instrument_steal,status,final_source,shape,raw_consensus,raw_family,seconds,error,source_results_file,verification_mode
1,1,one_shot_percussive_sounds/1,111,one_shot_percussive_sounds/1/14063.wav,/mnt/data/perc_v31171/neutral_extract/g01/neutral_g01_00111.wav,Drums/Snares/Acoustic Snare/One Shots,Drums,True,False,False,final_measured_drum_one_shot_invariant,,single_hit,,,1.78,,results_offset110_pf5.csv,bulk_disabled_third_party
2,1,one_shot_percussive_sounds/1,112,one_shot_percussive_sounds/1/14065.wav,/mnt/data/perc_v31171/neutral_extract/g01/neutral_g01_00112.wav,Drums/Percussion/Generic Percussion/One Shots,Drums,True,False,False,final_protected_percussive_parent_release,,single_hit,,,1.87,,results_offset110_pf5.csv,bulk_disabled_third_party
3,1,one_shot_percussive_sounds/1,113,one_shot_percussive_sounds/1/14067.wav,/mnt/data/perc_v31171/neutral_extract/g01/neutral_g01_00113.wav,Drums/Rims and Sticks/Generic Rim or Stick/One Shots,Drums,True,False,False,strong_consensus,,single_hit,,,1.69,,results_offset110_pf5.csv,bulk_disabled_third_party
4,1,one_shot_percussive_sounds/1,114,one_shot_percussive_sounds/1/14071.wav,/mnt/data/perc_v31171/neutral_extract/g01/neutral_g01_00114.wav,Drums/Toms/Floor Tom/One Shots,Drums,True,False,False,final_measured_drum_one_shot_invariant,,single_hit,,,1.77,,results_offset110_pf5.csv,bulk_disabled_third_party
5,1,one_shot_percussive_sounds/1,115,one_shot_percussive_sounds/1/14077.wav,/mnt/data/perc_v31171/neutral_extract/g01/neutral_g01_00115.wav,Drums/Percussion/Generic Percussion/One Shots,Drums,True,False,False,final_measured_protected_percussive_parent_claim,,texture_bed,,,0.85,,results_offset110_pf5.csv,bulk_disabled_third_party
6,2,one_shot_percussive_sounds/2,111,one_shot_percussive_sounds/2/104244.wav,/mnt/data/perc_v31171/neutral_extract/g02/neutral_g02_00111.wav,Drums/Toms/Generic Tom/One Shots,Drums,True,False,False,final_decisive_struck_percussion_parent_invariant,,bass_phrase,,,2.08,,results_offset110_pf5.csv,bulk_disabled_third_party
7,2,one_shot_percussive_sounds/2,112,one_shot_percussive_sounds/2/104245.wav,/mnt/data/perc_v31171/neutral_extract/g02/neutral_g02_00112.wav,Drums/Claps Snaps Slaps/Generic Clap/One Shots,Drums,True,False,False,final_measured_drum_one_shot_invariant,,single_hit,,,1.96,,results_offset110_pf5.csv,bulk_disabled_third_party
8,2,one_shot_percussive_sounds/2,113,one_shot_percussive_sounds/2/104246.wav,/mnt/data/perc_v31171/neutral_extract/g02/neutral_g02_00113.wav,Drums/Rims and Sticks/Rimshot/One Shots,Drums,True,False,False,final_measured_drum_one_shot_invariant,,single_hit,,,2.11,,results_offset110_pf5.csv,bulk_disabled_third_party
9,2,one_shot_percussive_sounds/2,114,one_shot_percussive_sounds/2/104247.wav,/mnt/data/perc_v31171/neutral_extract/g02/neutral_g02_00114.wav,Drums/Snares/Generic Snare/One Shots,Drums,True,False,False,final_protected_percussive_parent_release,,single_hit,,,2.39,,results_offset110_pf5.csv,bulk_disabled_third_party
10,2,one_shot_percussive_sounds/2,115,one_shot_percussive_sounds/2/104248.wav,/mnt/data/perc_v31171/neutral_extract/g02/neutral_g02_00115.wav,Drums/Claps Snaps Slaps/Generic Clap/One Shots,Drums,True,False,False,final_measured_drum_one_shot_invariant,,single_hit,,,1.79,,results_offset110_pf5.csv,bulk_disabled_third_party
11,3,one_shot_percussive_sounds/3,111,one_shot_percussive_sounds/3/143667.wav,/mnt/data/perc_v31171/neutral_extract/g03/neutral_g03_00111.wav,Drums/Snares/Acoustic Snare/One Shots,Drums,True,False,False,final_measured_drum_one_shot_invariant,,single_hit,,,1.96,,results_offset110_pf5.csv,bulk_disabled_third_party
12,3,one_shot_percussive_sounds/3,112,one_shot_percussive_sounds/3/143668.wav,/mnt/data/perc_v31171/neutral_extract/g03/neutral_g03_00112.wav,Drums/Snares/Generic Snare/One Shots,Drums,True,False,False,final_weak_review_measured_drums_release,,single_hit,,,0.96,,results_offset110_pf5.csv,bulk_disabled_third_party
13,3,one_shot_percussive_sounds/3,113,one_shot_percussive_sounds/3/143669.wav,/mnt/data/perc_v31171/neutral_extract/g03/neutral_g03_00113.wav,Drums/Claps Snaps Slaps/Generic Clap/One Shots,Drums,True,False,False,final_measured_drum_one_shot_invariant,,single_hit,,,2.09,,results_offset110_pf5.csv,bulk_disabled_third_party
14,3,one_shot_percussive_sounds/3,114,one_shot_percussive_sounds/3/143670.wav,/mnt/data/perc_v31171/neutral_extract/g03/neutral_g03_00114.wav,Drums/Kick Drums/Generic Kick/One Shots,Drums,True,False,False,final_protected_percussive_parent_release,,hit_with_tail,,,2.06,,results_offset110_pf5.csv,bulk_disabled_third_party
15,3,one_shot_percussive_sounds/3,115,one_shot_percussive_sounds/3/143671.wav,/mnt/data/perc_v31171/neutral_extract/g03/neutral_g03_00115.wav,Drums/Percussion/Bells and Metallic Percussion/One Shots,Drums,True,False,False,final_measured_drum_one_shot_invariant,,hit_with_tail,,,2.0,,results_offset110_pf5.csv,bulk_disabled_third_party
16,4,one_shot_percussive_sounds/4,111,one_shot_percussive_sounds/4/204648.wav,/mnt/data/perc_v31171/neutral_extract/g04/neutral_g04_00111.wav,Drums/Percussion/Bells and Metallic Percussion/One Shots,Drums,True,False,False,final_measured_drum_one_shot_invariant,,solo_phrase,,,1.93,,results_offset110_pf5.csv,bulk_disabled_third_party
17,4,one_shot_percussive_sounds/4,112,one_shot_percussive_sounds/4/204650.wav,/mnt/data/perc_v31171/neutral_extract/g04/neutral_g04_00112.wav,Drums/Hi Hats/Closed Hat/One Shots,Drums,True,False,False,strong_consensus,,texture_bed,,,1.9,,results_offset110_pf5.csv,bulk_disabled_third_party
18,4,one_shot_percussive_sounds/4,113,one_shot_percussive_sounds/4/204651.wav,/mnt/data/perc_v31171/neutral_extract/g04/neutral_g04_00113.wav,Drums/Snares/Acoustic Snare/One Shots,Drums,True,False,False,final_measured_drum_one_shot_invariant,,single_hit,,,1.83,,results_offset110_pf5.csv,bulk_disabled_third_party
19,4,one_shot_percussive_sounds/4,114,one_shot_percussive_sounds/4/204652.wav,/mnt/data/perc_v31171/neutral_extract/g04/neutral_g04_00114.wav,Drums/Snares/Acoustic Snare/One Shots,Drums,True,False,False,final_measured_drum_one_shot_invariant,,single_hit,,,1.91,,results_offset110_pf5.csv,bulk_disabled_third_party
20,4,one_shot_percussive_sounds/4,115,one_shot_percussive_sounds/4/204659.wav,/mnt/data/perc_v31171/neutral_extract/g04/neutral_g04_00115.wav,Drums/Snares/Acoustic Snare/One Shots,Drums,True,False,False,final_measured_drum_one_shot_invariant,,texture_bed,,,2.04,,results_offset110_pf5.csv,bulk_disabled_third_party
21,5,one_shot_percussive_sounds/5,111,one_shot_percussive_sounds/5/439766.wav,/mnt/data/perc_v31171/neutral_extract/g05/neutral_g05_00111.wav,Drums/Percussion/Generic Percussion/One Shots,Drums,True,False,False,final_measured_protected_percussive_parent_claim,,texture_bed,,,0.93,,results_offset110_pf5.csv,bulk_disabled_third_party
22,5,one_shot_percussive_sounds/5,112,one_shot_percussive_sounds/5/439767.wav,/mnt/data/perc_v31171/neutral_extract/g05/neutral_g05_00112.wav,Drums/Snares/Acoustic Snare/One Shots,Drums,True,False,False,final_measured_drum_one_shot_invariant,,single_hit,,,1.78,,results_offset110_pf5.csv,bulk_disabled_third_party
23,5,one_shot_percussive_sounds/5,113,one_shot_percussive_sounds/5/439768.wav,/mnt/data/perc_v31171/neutral_extract/g05/neutral_g05_00113.wav,Drums/Snares/Acoustic Snare/One Shots,Drums,True,False,False,final_measured_drum_one_shot_invariant,,single_hit,,,1.86,,results_offset110_pf5.csv,bulk_disabled_third_party
24,5,one_shot_percussive_sounds/5,114,one_shot_percussive_sounds/5/439769.wav,/mnt/data/perc_v31171/neutral_extract/g05/neutral_g05_00114.wav,Drums/Snares/Acoustic Snare/One Shots,Drums,True,False,False,final_measured_drum_one_shot_invariant,,single_hit,,,1.99,,results_offset110_pf5.csv,bulk_disabled_third_party
25,5,one_shot_percussive_sounds/5,115,one_shot_percussive_sounds/5/439770.wav,/mnt/data/perc_v31171/neutral_extract/g05/neutral_g05_00115.wav,Drums/Snares/Acoustic Snare/One Shots,Drums,True,False,False,final_measured_drum_one_shot_invariant,,single_hit,,,1.79,,results_offset110_pf5.csv,bulk_disabled_third_party
1,1,one_shot_percussive_sounds/1,116,one_shot_percussive_sounds/1/14080.wav,/mnt/data/perc_v31171/neutral_extract/g01/neutral_g01_00116.wav,Drums/Snares/Generic Snare/One Shots,Drums,True,False,False,final_decisive_struck_percussion_parent_invariant,,texture_bed,,,2.07,,results_offset115_pf5.csv,bulk_disabled_third_party
2,1,one_shot_percussive_sounds/1,117,one_shot_percussive_sounds/1/14083.wav,/mnt/data/perc_v31171/neutral_extract/g01/neutral_g01_00117.wav,Drums/Percussion/Generic Percussion/One Shots,Drums,True,False,False,final_protected_percussive_parent_release,,single_hit,,,2.18,,results_offset115_pf5.csv,bulk_disabled_third_party
3,1,one_shot_percussive_sounds/1,118,one_shot_percussive_sounds/1/14084.wav,/mnt/data/perc_v31171/neutral_extract/g01/neutral_g01_00118.wav,Drums/Kick Drums/Generic Kick/One Shots,Drums,True,False,False,final_measured_kick_one_shot_invariant,,single_hit,,,1.92,,results_offset115_pf5.csv,bulk_disabled_third_party
4,1,one_shot_percussive_sounds/1,119,one_shot_percussive_sounds/1/14087.wav,/mnt/data/perc_v31171/neutral_extract/g01/neutral_g01_00119.wav,Drums/Percussion/Generic Percussion/One Shots,Drums,True,False,False,final_protected_percussive_parent_release,,single_hit,,,1.81,,results_offset115_pf5.csv,bulk_disabled_third_party
5,1,one_shot_percussive_sounds/1,120,one_shot_percussive_sounds/1/14479.wav,/mnt/data/perc_v31171/neutral_extract/g01/neutral_g01_00120.wav,Drums/Percussion/Bells and Metallic Percussion/One Shots,Drums,True,False,False,final_protected_percussive_parent_release,,single_hit,,,1.92,,results_offset115_pf5.csv,bulk_disabled_third_party
6,2,one_shot_percussive_sounds/2,116,one_shot_percussive_sounds/2/104249.wav,/mnt/data/perc_v31171/neutral_extract/g02/neutral_g02_00116.wav,Drums/Claps Snaps Slaps/Generic Clap/One Shots,Drums,True,False,False,final_measured_drum_one_shot_invariant,,single_hit,,,1.76,,results_offset115_pf5.csv,bulk_disabled_third_party
7,2,one_shot_percussive_sounds/2,117,one_shot_percussive_sounds/2/104250.wav,/mnt/data/perc_v31171/neutral_extract/g02/neutral_g02_00117.wav,Drums/Toms/Generic Tom/One Shots,Drums,True,False,False,final_protected_percussive_parent_release,,echo_tail_hit,,,2.04,,results_offset115_pf5.csv,bulk_disabled_third_party
8,2,one_shot_percussive_sounds/2,118,one_shot_percussive_sounds/2/104255.wav,/mnt/data/perc_v31171/neutral_extract/g02/neutral_g02_00118.wav,Drums/Kick Drums/Generic Kick/One Shots,Drums,True,False,False,final_measured_kick_one_shot_invariant,,bass_phrase,,,1.01,,results_offset115_pf5.csv,bulk_disabled_third_party
9,2,one_shot_percussive_sounds/2,119,one_shot_percussive_sounds/2/104256.wav,/mnt/data/perc_v31171/neutral_extract/g02/neutral_g02_00119.wav,Drums/Kick Drums/Generic Kick/One Shots,Drums,True,False,False,final_decisive_struck_percussion_parent_invariant,,bass_phrase,,,1.15,,results_offset115_pf5.csv,bulk_disabled_third_party
10,2,one_shot_percussive_sounds/2,120,one_shot_percussive_sounds/2/104257.wav,/mnt/data/perc_v31171/neutral_extract/g02/neutral_g02_00120.wav,Drums/Kick Drums/Generic Kick/One Shots,Drums,True,False,False,final_decisive_struck_percussion_parent_invariant,,bass_phrase,,,1.06,,results_offset115_pf5.csv,bulk_disabled_third_party
11,3,one_shot_percussive_sounds/3,116,one_shot_percussive_sounds/3/143672.wav,/mnt/data/perc_v31171/neutral_extract/g03/neutral_g03_00116.wav,Drums/Percussion/Bells and Metallic Percussion/One Shots,Drums,True,False,False,final_measured_drum_one_shot_invariant,,hit_with_tail,,,1.85,,results_offset115_pf5.csv,bulk_disabled_third_party
12,3,one_shot_percussive_sounds/3,117,one_shot_percussive_sounds/3/143673.wav,/mnt/data/perc_v31171/neutral_extract/g03/neutral_g03_00117.wav,Drums/Percussion/Bells and Metallic Percussion/One Shots,Drums,True,False,False,final_measured_drum_one_shot_invariant,,hit_with_tail,,,1.98,,results_offset115_pf5.csv,bulk_disabled_third_party
13,3,one_shot_percussive_sounds/3,118,one_shot_percussive_sounds/3/143674.wav,/mnt/data/perc_v31171/neutral_extract/g03/neutral_g03_00118.wav,Drums/Toms/Floor Tom/One Shots,Drums,True,False,False,final_measured_drum_one_shot_invariant,,single_hit,,,1.88,,results_offset115_pf5.csv,bulk_disabled_third_party
14,3,one_shot_percussive_sounds/3,119,one_shot_percussive_sounds/3/143675.wav,/mnt/data/perc_v31171/neutral_extract/g03/neutral_g03_00119.wav,Drums/Rims and Sticks/Rimshot/One Shots,Drums,True,False,False,final_measured_drum_one_shot_invariant,,single_hit,,,1.95,,results_offset115_pf5.csv,bulk_disabled_third_party
15,3,one_shot_percussive_sounds/3,120,one_shot_percussive_sounds/3/143678.wav,/mnt/data/perc_v31171/neutral_extract/g03/neutral_g03_00120.wav,Drums/Percussion/Bells and Metallic Percussion/One Shots,Drums,True,False,False,final_measured_drum_one_shot_invariant,,hit_with_tail,,,1.82,,results_offset115_pf5.csv,bulk_disabled_third_party
16,4,one_shot_percussive_sounds/4,116,one_shot_percussive_sounds/4/204660.wav,/mnt/data/perc_v31171/neutral_extract/g04/neutral_g04_00116.wav,Drums/Snares/Acoustic Snare/One Shots,Drums,True,False,False,final_measured_drum_one_shot_invariant,,texture_bed,,,2.36,,results_offset115_pf5.csv,bulk_disabled_third_party
17,4,one_shot_percussive_sounds/4,117,one_shot_percussive_sounds/4/204692.wav,/mnt/data/perc_v31171/neutral_extract/g04/neutral_g04_00117.wav,Drums/Snares/Acoustic Snare/One Shots,Drums,True,False,False,final_measured_drum_one_shot_invariant,,single_hit,,,2.34,,results_offset115_pf5.csv,bulk_disabled_third_party
18,4,one_shot_percussive_sounds/4,118,one_shot_percussive_sounds/4/205016.wav,/mnt/data/perc_v31171/neutral_extract/g04/neutral_g04_00118.wav,Drums/Rims and Sticks/Generic Rim or Stick/One Shots,Drums,True,False,False,final_protected_percussive_parent_release,,solo_phrase,,,1.92,,results_offset115_pf5.csv,bulk_disabled_third_party
19,4,one_shot_percussive_sounds/4,119,one_shot_percussive_sounds/4/205028.wav,/mnt/data/perc_v31171/neutral_extract/g04/neutral_g04_00119.wav,Drums/Toms/Floor Tom/One Shots,Drums,True,False,False,final_measured_drum_one_shot_invariant,,solo_phrase,,,2.25,,results_offset115_pf5.csv,bulk_disabled_third_party
20,4,one_shot_percussive_sounds/4,120,one_shot_percussive_sounds/4/205037.wav,/mnt/data/perc_v31171/neutral_extract/g04/neutral_g04_00120.wav,Drums/Rims and Sticks/Generic Rim or Stick/One Shots,Drums,True,False,False,final_protected_percussive_parent_release,,solo_phrase,,,2.24,,results_offset115_pf5.csv,bulk_disabled_third_party
21,5,one_shot_percussive_sounds/5,116,one_shot_percussive_sounds/5/439771.wav,/mnt/data/perc_v31171/neutral_extract/g05/neutral_g05_00116.wav,Drums/Hi Hats/Closed Hat/One Shots,Drums,True,False,False,final_measured_drum_one_shot_invariant,,single_hit,,,1.89,,results_offset115_pf5.csv,bulk_disabled_third_party
22,5,one_shot_percussive_sounds/5,117,one_shot_percussive_sounds/5/439772.wav,/mnt/data/perc_v31171/neutral_extract/g05/neutral_g05_00117.wav,Drums/Percussion/Bells and Metallic Percussion/One Shots,Drums,True,False,False,final_measured_drum_one_shot_invariant,,echo_tail_hit,,,2.13,,results_offset115_pf5.csv,bulk_disabled_third_party
23,5,one_shot_percussive_sounds/5,118,one_shot_percussive_sounds/5/439773.wav,/mnt/data/perc_v31171/neutral_extract/g05/neutral_g05_00118.wav,Drums/Rims and Sticks/Generic Rim or Stick/One Shots,Drums,True,False,False,placement_depth_broad_bucket,,texture_bed,,,1.98,,results_offset115_pf5.csv,bulk_disabled_third_party
24,5,one_shot_percussive_sounds/5,119,one_shot_percussive_sounds/5/439774.wav,/mnt/data/perc_v31171/neutral_extract/g05/neutral_g05_00119.wav,Drums/Percussion/Generic Percussion/One Shots,Drums,True,False,False,final_protected_percussive_parent_release,,texture_bed,,,1.96,,results_offset115_pf5.csv,bulk_disabled_third_party
25,5,one_shot_percussive_sounds/5,120,one_shot_percussive_sounds/5/439775.wav,/mnt/data/perc_v31171/neutral_extract/g05/neutral_g05_00120.wav,Drums/Snares/Acoustic Snare/One Shots,Drums,True,False,False,final_measured_drum_one_shot_invariant,,single_hit,,,1.85,,results_offset115_pf5.csv,bulk_disabled_third_party
1,1,one_shot_percussive_sounds/1,121,one_shot_percussive_sounds/1/14480.wav,/mnt/data/perc_v31171/neutral_extract/g01/neutral_g01_00121.wav,Drums/Rims and Sticks/Generic Rim or Stick/One Shots,Drums,True,False,False,final_measured_drum_one_shot_invariant,,single_hit,,,1.76,,results_offset120_pf5.csv,bulk_disabled_third_party
2,1,one_shot_percussive_sounds/1,122,one_shot_percussive_sounds/1/14481.wav,/mnt/data/perc_v31171/neutral_extract/g01/neutral_g01_00122.wav,Drums/Percussion/Bells and Metallic Percussion/One Shots,Drums,True,False,False,final_measured_drum_one_shot_invariant,,single_hit,,,1.91,,results_offset120_pf5.csv,bulk_disabled_third_party
3,1,one_shot_percussive_sounds/1,123,one_shot_percussive_sounds/1/14490.wav,/mnt/data/perc_v31171/neutral_extract/g01/neutral_g01_00123.wav,Drums/Percussion/Bells and Metallic Percussion/One Shots,Drums,True,False,False,final_protected_percussive_parent_release,,ui_blip,,,1.89,,results_offset120_pf5.csv,bulk_disabled_third_party
4,1,one_shot_percussive_sounds/1,124,one_shot_percussive_sounds/1/14491.wav,/mnt/data/perc_v31171/neutral_extract/g01/neutral_g01_00124.wav,Drums/Percussion/Bells and Metallic Percussion/One Shots,Drums,True,False,False,final_protected_percussive_parent_release,,solo_phrase,,,6.82,,results_offset120_pf5.csv,fixed_third_party_enabled_individual
5,1,one_shot_percussive_sounds/1,125,one_shot_percussive_sounds/1/14492.wav,/mnt/data/perc_v31171/neutral_extract/g01/neutral_g01_00125.wav,Drums/Rims and Sticks/Generic Rim or Stick/One Shots,Drums,True,False,False,final_measured_drum_one_shot_invariant,,ui_blip,,,1.75,,results_offset120_pf5.csv,bulk_disabled_third_party
6,2,one_shot_percussive_sounds/2,121,one_shot_percussive_sounds/2/104258.wav,/mnt/data/perc_v31171/neutral_extract/g02/neutral_g02_00121.wav,Drums/Kick Drums/Generic Kick/One Shots,Drums,True,False,False,percussive_one_shot_parent_firewall,,bass_phrase,,,0.94,,results_offset120_pf5.csv,bulk_disabled_third_party
7,2,one_shot_percussive_sounds/2,122,one_shot_percussive_sounds/2/104800.wav,/mnt/data/perc_v31171/neutral_extract/g02/neutral_g02_00122.wav,Drums/World Percussion/Latin Percussion/Conga/One Shots,Drums,True,False,False,strong_consensus,,single_hit,,,0.92,,results_offset120_pf5.csv,bulk_disabled_third_party
8,2,one_shot_percussive_sounds/2,123,one_shot_percussive_sounds/2/104845.wav,/mnt/data/perc_v31171/neutral_extract/g02/neutral_g02_00123.wav,_TO_REVIEW/Broken Or Tiny,_TO_REVIEW,False,True,False,broken_or_tiny_review,,broken_or_tiny,,,0.09,,results_offset120_pf5.csv,bulk_disabled_third_party_broken_tiny_accepted
9,2,one_shot_percussive_sounds/2,124,one_shot_percussive_sounds/2/104846.wav,/mnt/data/perc_v31171/neutral_extract/g02/neutral_g02_00124.wav,Drums/Percussion/Bells and Metallic Percussion/One Shots,Drums,True,False,False,final_measured_drum_one_shot_invariant,,single_hit,,,1.78,,results_offset120_pf5.csv,bulk_disabled_third_party
10,2,one_shot_percussive_sounds/2,125,one_shot_percussive_sounds/2/104847.wav,/mnt/data/perc_v31171/neutral_extract/g02/neutral_g02_00125.wav,Drums/Hi Hats/Closed Hat/One Shots,Drums,True,False,False,final_measured_drum_one_shot_invariant,,single_hit,,,1.72,,results_offset120_pf5.csv,bulk_disabled_third_party
11,3,one_shot_percussive_sounds/3,121,one_shot_percussive_sounds/3/143679.wav,/mnt/data/perc_v31171/neutral_extract/g03/neutral_g03_00121.wav,Drums/Percussion/Bells and Metallic Percussion/One Shots,Drums,True,False,False,final_measured_drum_one_shot_invariant,,hit_with_tail,,,1.92,,results_offset120_pf5.csv,bulk_disabled_third_party
12,3,one_shot_percussive_sounds/3,122,one_shot_percussive_sounds/3/143680.wav,/mnt/data/perc_v31171/neutral_extract/g03/neutral_g03_00122.wav,Drums/Rims and Sticks/Rimshot/One Shots,Drums,True,False,False,final_measured_drum_one_shot_invariant,,hit_with_tail,,,1.99,,results_offset120_pf5.csv,bulk_disabled_third_party
13,3,one_shot_percussive_sounds/3,123,one_shot_percussive_sounds/3/143681.wav,/mnt/data/perc_v31171/neutral_extract/g03/neutral_g03_00123.wav,Drums/Rims and Sticks/Rimshot/One Shots,Drums,True,False,False,final_measured_drum_one_shot_invariant,,hit_with_tail,,,1.71,,results_offset120_pf5.csv,bulk_disabled_third_party
14,3,one_shot_percussive_sounds/3,124,one_shot_percussive_sounds/3/143684.wav,/mnt/data/perc_v31171/neutral_extract/g03/neutral_g03_00124.wav,Drums/Rims and Sticks/Rimshot/One Shots,Drums,True,False,False,final_measured_drum_one_shot_invariant,,single_hit,,,1.81,,results_offset120_pf5.csv,bulk_disabled_third_party
15,3,one_shot_percussive_sounds/3,125,one_shot_percussive_sounds/3/143685.wav,/mnt/data/perc_v31171/neutral_extract/g03/neutral_g03_00125.wav,Drums/Toms/Floor Tom/One Shots,Drums,True,False,False,final_measured_drum_one_shot_invariant,,hit_with_tail,,,1.83,,results_offset120_pf5.csv,bulk_disabled_third_party
16,4,one_shot_percussive_sounds/4,121,one_shot_percussive_sounds/4/205040.wav,/mnt/data/perc_v31171/neutral_extract/g04/neutral_g04_00121.wav,Drums/Rims and Sticks/Generic Rim or Stick/One Shots,Drums,True,False,False,strong_consensus,,single_hit,,,0.8,,results_offset120_pf5.csv,bulk_disabled_third_party
17,4,one_shot_percussive_sounds/4,122,one_shot_percussive_sounds/4/205058.wav,/mnt/data/perc_v31171/neutral_extract/g04/neutral_g04_00122.wav,Drums/Toms/Generic Tom/One Shots,Drums,True,False,False,final_decisive_struck_percussion_parent_invariant,,solo_phrase,,,1.14,,results_offset120_pf5.csv,bulk_disabled_third_party
18,4,one_shot_percussive_sounds/4,123,one_shot_percussive_sounds/4/205061.wav,/mnt/data/perc_v31171/neutral_extract/g04/neutral_g04_00123.wav,Drums/Percussion/Generic Percussion/One Shots,Drums,True,False,False,final_decisive_struck_percussion_parent_invariant,,pitched_repetition_phrase,,,1.91,,results_offset120_pf5.csv,bulk_disabled_third_party
19,4,one_shot_percussive_sounds/4,124,one_shot_percussive_sounds/4/205065.wav,/mnt/data/perc_v31171/neutral_extract/g04/neutral_g04_00124.wav,Drums/Toms/Generic Tom/One Shots,Drums,True,False,False,final_protected_percussive_parent_release,,hit_with_tail,,,1.77,,results_offset120_pf5.csv,bulk_disabled_third_party
20,4,one_shot_percussive_sounds/4,125,one_shot_percussive_sounds/4/205070.wav,/mnt/data/perc_v31171/neutral_extract/g04/neutral_g04_00125.wav,Drums/Toms/Generic Tom/One Shots,Drums,True,False,False,final_weak_review_measured_drums_release,,hit_with_tail,,,1.84,,results_offset120_pf5.csv,bulk_disabled_third_party
21,5,one_shot_percussive_sounds/5,121,one_shot_percussive_sounds/5/439776.wav,/mnt/data/perc_v31171/neutral_extract/g05/neutral_g05_00121.wav,Drums/Percussion/Bells and Metallic Percussion/One Shots,Drums,True,False,False,final_measured_drum_one_shot_invariant,,single_hit,,,1.84,,results_offset120_pf5.csv,bulk_disabled_third_party
22,5,one_shot_percussive_sounds/5,122,one_shot_percussive_sounds/5/439777.wav,/mnt/data/perc_v31171/neutral_extract/g05/neutral_g05_00122.wav,Drums/Percussion/Generic Percussion/One Shots,Drums,True,False,False,final_protected_percussive_parent_release,,texture_bed,,,2.0,,results_offset120_pf5.csv,bulk_disabled_third_party
23,5,one_shot_percussive_sounds/5,123,one_shot_percussive_sounds/5/439779.wav,/mnt/data/perc_v31171/neutral_extract/g05/neutral_g05_00123.wav,Drums/Snares/Acoustic Snare/One Shots,Drums,True,False,False,final_measured_drum_one_shot_invariant,,single_hit,,,1.64,,results_offset120_pf5.csv,bulk_disabled_third_party
24,5,one_shot_percussive_sounds/5,124,one_shot_percussive_sounds/5/439780.wav,/mnt/data/perc_v31171/neutral_extract/g05/neutral_g05_00124.wav,Drums/Snares/Acoustic Snare/One Shots,Drums,True,False,False,final_measured_drum_one_shot_invariant,,single_hit,,,1.73,,results_offset120_pf5.csv,bulk_disabled_third_party
25,5,one_shot_percussive_sounds/5,125,one_shot_percussive_sounds/5/439781.wav,/mnt/data/perc_v31171/neutral_extract/g05/neutral_g05_00125.wav,Drums/Percussion/Generic Percussion/One Shots,Drums,True,False,False,final_protected_percussive_parent_release,,single_hit,,,1.67,,results_offset120_pf5.csv,bulk_disabled_third_party
1,1,one_shot_percussive_sounds/1,126,one_shot_percussive_sounds/1/14493.wav,/mnt/data/perc_v31171/neutral_extract/g01/neutral_g01_00126.wav,Drums/Percussion/Bells and Metallic Percussion/One Shots,Drums,True,False,False,final_protected_percussive_parent_release,,solo_phrase,,,1.86,,results_offset125_pf5.csv,bulk_disabled_third_party
2,1,one_shot_percussive_sounds/1,127,one_shot_percussive_sounds/1/14494.wav,/mnt/data/perc_v31171/neutral_extract/g01/neutral_g01_00127.wav,Drums/Rims and Sticks/Generic Rim or Stick/One Shots,Drums,True,False,False,final_protected_percussive_parent_release,,ui_blip,,,2.03,,results_offset125_pf5.csv,bulk_disabled_third_party
3,1,one_shot_percussive_sounds/1,128,one_shot_percussive_sounds/1/14495.wav,/mnt/data/perc_v31171/neutral_extract/g01/neutral_g01_00128.wav,Drums/Rims and Sticks/Generic Rim or Stick/One Shots,Drums,True,False,False,final_measured_drum_one_shot_invariant,,single_hit,,,1.68,,results_offset125_pf5.csv,bulk_disabled_third_party
4,1,one_shot_percussive_sounds/1,129,one_shot_percussive_sounds/1/14496.wav,/mnt/data/perc_v31171/neutral_extract/g01/neutral_g01_00129.wav,Drums/Rims and Sticks/Generic Rim or Stick/One Shots,Drums,True,False,False,final_protected_percussive_parent_release,,single_hit,,,1.76,,results_offset125_pf5.csv,bulk_disabled_third_party
5,1,one_shot_percussive_sounds/1,130,one_shot_percussive_sounds/1/14497.wav,/mnt/data/perc_v31171/neutral_extract/g01/neutral_g01_00130.wav,Drums/Percussion/Bells and Metallic Percussion/One Shots,Drums,True,False,False,final_measured_drum_one_shot_invariant,,single_hit,,,1.76,,results_offset125_pf5.csv,bulk_disabled_third_party
6,2,one_shot_percussive_sounds/2,126,one_shot_percussive_sounds/2/104849.wav,/mnt/data/perc_v31171/neutral_extract/g02/neutral_g02_00126.wav,Drums/Kick Drums/Generic Kick/One Shots,Drums,True,False,False,final_measured_kick_one_shot_invariant,,solo_phrase,,,1.88,,results_offset125_pf5.csv,bulk_disabled_third_party
7,2,one_shot_percussive_sounds/2,127,one_shot_percussive_sounds/2/104851.wav,/mnt/data/perc_v31171/neutral_extract/g02/neutral_g02_00127.wav,Drums/Kick Drums/Generic Kick/One Shots,Drums,True,False,False,final_measured_kick_one_shot_invariant,,solo_phrase,,,2.16,,results_offset125_pf5.csv,bulk_disabled_third_party
8,2,one_shot_percussive_sounds/2,128,one_shot_percussive_sounds/2/104858.wav,/mnt/data/perc_v31171/neutral_extract/g02/neutral_g02_00128.wav,Drums/Snares/Acoustic Snare/One Shots,Drums,True,False,False,final_measured_drum_one_shot_invariant,,single_hit,,,1.67,,results_offset125_pf5.csv,bulk_disabled_third_party
9,2,one_shot_percussive_sounds/2,129,one_shot_percussive_sounds/2/105337.wav,/mnt/data/perc_v31171/neutral_extract/g02/neutral_g02_00129.wav,Drums/Percussion/Bells and Metallic Percussion/One Shots,Drums,True,False,False,final_measured_drum_one_shot_invariant,,single_hit,,,1.77,,results_offset125_pf5.csv,bulk_disabled_third_party
10,2,one_shot_percussive_sounds/2,130,one_shot_percussive_sounds/2/105434.wav,/mnt/data/perc_v31171/neutral_extract/g02/neutral_g02_00130.wav,Drums/Kick Drums/Generic Kick/One Shots,Drums,True,False,False,final_parent_low_kick_like_release,,solo_phrase,,,6.57,,results_offset125_pf5.csv,fixed_third_party_enabled_individual
11,3,one_shot_percussive_sounds/3,126,one_shot_percussive_sounds/3/143686.wav,/mnt/data/perc_v31171/neutral_extract/g03/neutral_g03_00126.wav,Drums/Toms/Floor Tom/One Shots,Drums,True,False,False,final_measured_drum_one_shot_invariant,,hit_with_tail,,,1.8,,results_offset125_pf5.csv,bulk_disabled_third_party
12,3,one_shot_percussive_sounds/3,127,one_shot_percussive_sounds/3/143687.wav,/mnt/data/perc_v31171/neutral_extract/g03/neutral_g03_00127.wav,Drums/Percussion/Bells and Metallic Percussion/One Shots,Drums,True,False,False,final_measured_drum_one_shot_invariant,,hit_with_tail,,,2.05,,results_offset125_pf5.csv,bulk_disabled_third_party
13,3,one_shot_percussive_sounds/3,128,one_shot_percussive_sounds/3/143696.wav,/mnt/data/perc_v31171/neutral_extract/g03/neutral_g03_00128.wav,Drums/Snares/Acoustic Snare/One Shots,Drums,True,False,False,final_measured_drum_one_shot_invariant,,single_hit,,,1.86,,results_offset125_pf5.csv,bulk_disabled_third_party
14,3,one_shot_percussive_sounds/3,129,one_shot_percussive_sounds/3/143697.wav,/mnt/data/perc_v31171/neutral_extract/g03/neutral_g03_00129.wav,Drums/Toms/Floor Tom/One Shots,Drums,True,False,False,final_measured_drum_one_shot_invariant,,single_hit,,,2.08,,results_offset125_pf5.csv,bulk_disabled_third_party
15,3,one_shot_percussive_sounds/3,130,one_shot_percussive_sounds/3/143698.wav,/mnt/data/perc_v31171/neutral_extract/g03/neutral_g03_00130.wav,Drums/Cymbals/Crash Cymbal/One Shots,Drums,True,False,False,strong_consensus,,single_hit,,,1.95,,results_offset125_pf5.csv,bulk_disabled_third_party
16,4,one_shot_percussive_sounds/4,126,one_shot_percussive_sounds/4/205071.wav,/mnt/data/perc_v31171/neutral_extract/g04/neutral_g04_00126.wav,Drums/Toms/Generic Tom/One Shots,Drums,True,False,False,final_protected_percussive_parent_release,,hit_with_tail,,,1.84,,results_offset125_pf5.csv,bulk_disabled_third_party
17,4,one_shot_percussive_sounds/4,127,one_shot_percussive_sounds/4/205072.wav,/mnt/data/perc_v31171/neutral_extract/g04/neutral_g04_00127.wav,Drums/Toms/Generic Tom/One Shots,Drums,True,False,False,final_protected_percussive_parent_release,,hit_with_tail,,,2.1,,results_offset125_pf5.csv,bulk_disabled_third_party
18,4,one_shot_percussive_sounds/4,128,one_shot_percussive_sounds/4/205515.wav,/mnt/data/perc_v31171/neutral_extract/g04/neutral_g04_00128.wav,Drums/Toms/Floor Tom/One Shots,Drums,True,False,False,strong_consensus,,single_hit,,,1.88,,results_offset125_pf5.csv,bulk_disabled_third_party
19,4,one_shot_percussive_sounds/4,129,one_shot_percussive_sounds/4/205516.wav,/mnt/data/perc_v31171/neutral_extract/g04/neutral_g04_00129.wav,Drums/Toms/Floor Tom/One Shots,Drums,True,False,False,final_measured_drum_one_shot_invariant,,single_hit,,,1.93,,results_offset125_pf5.csv,bulk_disabled_third_party
20,4,one_shot_percussive_sounds/4,130,one_shot_percussive_sounds/4/205517.wav,/mnt/data/perc_v31171/neutral_extract/g04/neutral_g04_00130.wav,Drums/Toms/Floor Tom/One Shots,Drums,True,False,False,final_measured_drum_one_shot_invariant,,single_hit,,,1.86,,results_offset125_pf5.csv,bulk_disabled_third_party
21,5,one_shot_percussive_sounds/5,126,one_shot_percussive_sounds/5/439782.wav,/mnt/data/perc_v31171/neutral_extract/g05/neutral_g05_00126.wav,Drums/Hi Hats/Open Hat/One Shots,Drums,True,False,False,strong_consensus,,single_hit,,,0.83,,results_offset125_pf5.csv,bulk_disabled_third_party
22,5,one_shot_percussive_sounds/5,127,one_shot_percussive_sounds/5/439783.wav,/mnt/data/perc_v31171/neutral_extract/g05/neutral_g05_00127.wav,Drums/Rims and Sticks/Rimshot/One Shots,Drums,True,False,False,strong_consensus,,hit_with_tail,,,2.01,,results_offset125_pf5.csv,bulk_disabled_third_party
23,5,one_shot_percussive_sounds/5,128,one_shot_percussive_sounds/5/439784.wav,/mnt/data/perc_v31171/neutral_extract/g05/neutral_g05_00128.wav,Drums/Rims and Sticks/Generic Rim or Stick/One Shots,Drums,True,False,False,strong_consensus,,texture_bed,,,0.87,,results_offset125_pf5.csv,bulk_disabled_third_party
24,5,one_shot_percussive_sounds/5,129,one_shot_percussive_sounds/5/439785.wav,/mnt/data/perc_v31171/neutral_extract/g05/neutral_g05_00129.wav,Drums/Hi Hats/Closed Hat/One Shots,Drums,True,False,False,strong_consensus,,texture_bed,,,2.04,,results_offset125_pf5.csv,bulk_disabled_third_party
25,5,one_shot_percussive_sounds/5,130,one_shot_percussive_sounds/5/439786.wav,/mnt/data/perc_v31171/neutral_extract/g05/neutral_g05_00130.wav,Drums/Snares/Acoustic Snare/One Shots,Drums,True,False,False,final_measured_drum_one_shot_invariant,,single_hit,,,1.71,,results_offset125_pf5.csv,bulk_disabled_third_party
1,1,one_shot_percussive_sounds/1,131,one_shot_percussive_sounds/1/14498.wav,/mnt/data/perc_v31171/neutral_extract/g01/neutral_g01_00131.wav,Drums/Rims and Sticks/Generic Rim or Stick/One Shots,Drums,True,False,False,final_protected_percussive_parent_release,,single_hit,,,1.78,,results_offset130_pf5.csv,bulk_disabled_third_party
2,1,one_shot_percussive_sounds/1,132,one_shot_percussive_sounds/1/14499.wav,/mnt/data/perc_v31171/neutral_extract/g01/neutral_g01_00132.wav,Drums/Rims and Sticks/Generic Rim or Stick/One Shots,Drums,True,False,False,final_protected_percussive_parent_release,,single_hit,,,2.0,,results_offset130_pf5.csv,bulk_disabled_third_party
3,1,one_shot_percussive_sounds/1,133,one_shot_percussive_sounds/1/14500.wav,/mnt/data/perc_v31171/neutral_extract/g01/neutral_g01_00133.wav,Drums/Percussion/Bells and Metallic Percussion/One Shots,Drums,True,False,False,final_protected_percussive_parent_release,,solo_phrase,,,1.75,,results_offset130_pf5.csv,bulk_disabled_third_party
4,1,one_shot_percussive_sounds/1,134,one_shot_percussive_sounds/1/14501.wav,/mnt/data/perc_v31171/neutral_extract/g01/neutral_g01_00134.wav,Drums/Rims and Sticks/Generic Rim or Stick/One Shots,Drums,True,False,False,final_protected_percussive_parent_release,,solo_phrase,,,1.81,,results_offset130_pf5.csv,bulk_disabled_third_party
5,1,one_shot_percussive_sounds/1,135,one_shot_percussive_sounds/1/14813.wav,/mnt/data/perc_v31171/neutral_extract/g01/neutral_g01_00135.wav,Drums/Rims and Sticks/Generic Rim or Stick/One Shots,Drums,True,False,False,strong_consensus,,single_hit,,,0.78,,results_offset130_pf5.csv,bulk_disabled_third_party
6,2,one_shot_percussive_sounds/2,131,one_shot_percussive_sounds/2/105435.wav,/mnt/data/perc_v31171/neutral_extract/g02/neutral_g02_00131.wav,Drums/Kick Drums/Generic Kick/One Shots,Drums,True,False,False,final_parent_low_kick_like_release,,solo_phrase,,,1.76,,results_offset130_pf5.csv,bulk_disabled_third_party
7,2,one_shot_percussive_sounds/2,132,one_shot_percussive_sounds/2/105436.wav,/mnt/data/perc_v31171/neutral_extract/g02/neutral_g02_00132.wav,Drums/Kick Drums/Generic Kick/One Shots,Drums,True,False,False,final_parent_low_kick_like_release,,solo_phrase,,,2.08,,results_offset130_pf5.csv,bulk_disabled_third_party
8,2,one_shot_percussive_sounds/2,133,one_shot_percussive_sounds/2/105437.wav,/mnt/data/perc_v31171/neutral_extract/g02/neutral_g02_00133.wav,Drums/Kick Drums/Generic Kick/One Shots,Drums,True,False,False,final_parent_low_kick_like_release,,solo_phrase,,,1.81,,results_offset130_pf5.csv,bulk_disabled_third_party
9,2,one_shot_percussive_sounds/2,134,one_shot_percussive_sounds/2/105486.wav,/mnt/data/perc_v31171/neutral_extract/g02/neutral_g02_00134.wav,Drums/Kick Drums/Generic Kick/One Shots,Drums,True,False,False,final_measured_kick_one_shot_invariant,,hit_with_tail,,,1.94,,results_offset130_pf5.csv,bulk_disabled_third_party
10,2,one_shot_percussive_sounds/2,135,one_shot_percussive_sounds/2/105488.wav,/mnt/data/perc_v31171/neutral_extract/g02/neutral_g02_00135.wav,Drums/Kick Drums/Generic Kick/One Shots,Drums,True,False,False,final_measured_kick_one_shot_invariant,,hit_with_tail,,,2.08,,results_offset130_pf5.csv,bulk_disabled_third_party
11,3,one_shot_percussive_sounds/3,131,one_shot_percussive_sounds/3/143699.wav,/mnt/data/perc_v31171/neutral_extract/g03/neutral_g03_00131.wav,Drums/Snares/Acoustic Snare/One Shots,Drums,True,False,False,final_measured_drum_one_shot_invariant,,single_hit,,,1.76,,results_offset130_pf5.csv,bulk_disabled_third_party
12,3,one_shot_percussive_sounds/3,132,one_shot_percussive_sounds/3/143700.wav,/mnt/data/perc_v31171/neutral_extract/g03/neutral_g03_00132.wav,Drums/Snares/Acoustic Snare/One Shots,Drums,True,False,False,final_measured_drum_one_shot_invariant,,single_hit,,,1.84,,results_offset130_pf5.csv,bulk_disabled_third_party
13,3,one_shot_percussive_sounds/3,133,one_shot_percussive_sounds/3/143701.wav,/mnt/data/perc_v31171/neutral_extract/g03/neutral_g03_00133.wav,Drums/Snares/Generic Snare/One Shots,Drums,True,False,False,strong_consensus,,single_hit,,,1.88,,results_offset130_pf5.csv,bulk_disabled_third_party
14,3,one_shot_percussive_sounds/3,134,one_shot_percussive_sounds/3/143702.wav,/mnt/data/perc_v31171/neutral_extract/g03/neutral_g03_00134.wav,Drums/Snares/Acoustic Snare/One Shots,Drums,True,False,False,final_measured_drum_one_shot_invariant,,single_hit,,,1.94,,results_offset130_pf5.csv,bulk_disabled_third_party
15,3,one_shot_percussive_sounds/3,135,one_shot_percussive_sounds/3/143703.wav,/mnt/data/perc_v31171/neutral_extract/g03/neutral_g03_00135.wav,Drums/Snares/Acoustic Snare/One Shots,Drums,True,False,False,final_measured_drum_one_shot_invariant,,single_hit,,,2.46,,results_offset130_pf5.csv,bulk_disabled_third_party
16,4,one_shot_percussive_sounds/4,131,one_shot_percussive_sounds/4/205518.wav,/mnt/data/perc_v31171/neutral_extract/g04/neutral_g04_00131.wav,Drums/Snares/Acoustic Snare/One Shots,Drums,True,False,False,final_measured_drum_one_shot_invariant,,hybrid_fx_motion,,,2.14,,results_offset130_pf5.csv,bulk_disabled_third_party
17,4,one_shot_percussive_sounds/4,132,one_shot_percussive_sounds/4/205934.wav,/mnt/data/perc_v31171/neutral_extract/g04/neutral_g04_00132.wav,Drums/Kick Drums/Generic Kick/One Shots,Drums,True,False,False,final_measured_kick_one_shot_invariant,,bass_phrase,,,1.18,,results_offset130_pf5.csv,bulk_disabled_third_party
18,4,one_shot_percussive_sounds/4,133,one_shot_percussive_sounds/4/205935.wav,/mnt/data/perc_v31171/neutral_extract/g04/neutral_g04_00133.wav,Drums/Kick Drums/Generic Kick/One Shots,Drums,True,False,False,final_measured_kick_one_shot_invariant,,solo_phrase,,,2.42,,results_offset130_pf5.csv,bulk_disabled_third_party
19,4,one_shot_percussive_sounds/4,134,one_shot_percussive_sounds/4/205973.wav,/mnt/data/perc_v31171/neutral_extract/g04/neutral_g04_00134.wav,Drums/Rims and Sticks/Generic Rim or Stick/One Shots,Drums,True,False,False,final_protected_percussive_parent_release,,pitched_repetition_phrase,,,6.66,,results_offset130_pf5.csv,fixed_third_party_enabled_individual
20,4,one_shot_percussive_sounds/4,135,one_shot_percussive_sounds/4/207170.wav,/mnt/data/perc_v31171/neutral_extract/g04/neutral_g04_00135.wav,Drums/Rims and Sticks/Rimshot/One Shots,Drums,True,False,False,final_weak_review_measured_drums_release,,pitched_repetition_phrase,,,5.85,,results_offset130_pf5.csv,fixed_third_party_enabled_individual
21,5,one_shot_percussive_sounds/5,131,one_shot_percussive_sounds/5/439787.wav,/mnt/data/perc_v31171/neutral_extract/g05/neutral_g05_00131.wav,Drums/Cymbals/Crash Cymbal/One Shots,Drums,True,False,False,strong_consensus,,single_hit,,,0.84,,results_offset130_pf5.csv,bulk_disabled_third_party
22,5,one_shot_percussive_sounds/5,132,one_shot_percussive_sounds/5/439788.wav,/mnt/data/perc_v31171/neutral_extract/g05/neutral_g05_00132.wav,Drums/Hi Hats/Closed Hat/One Shots,Drums,True,False,False,final_measured_drum_one_shot_invariant,,single_hit,,,2.01,,results_offset130_pf5.csv,bulk_disabled_third_party
23,5,one_shot_percussive_sounds/5,133,one_shot_percussive_sounds/5/439791.wav,/mnt/data/perc_v31171/neutral_extract/g05/neutral_g05_00133.wav,Drums/Hi Hats/Open Hat/One Shots,Drums,True,False,False,final_weak_review_measured_drums_release,,texture_bed,,,2.34,,results_offset130_pf5.csv,bulk_disabled_third_party
24,5,one_shot_percussive_sounds/5,134,one_shot_percussive_sounds/5/439808.wav,/mnt/data/perc_v31171/neutral_extract/g05/neutral_g05_00134.wav,Drums/Kick Drums/Generic Kick/One Shots,Drums,True,False,False,final_measured_kick_one_shot_invariant,,hit_with_tail,,,1.92,,results_offset130_pf5.csv,bulk_disabled_third_party
25,5,one_shot_percussive_sounds/5,135,one_shot_percussive_sounds/5/439809.wav,/mnt/data/perc_v31171/neutral_extract/g05/neutral_g05_00135.wav,Drums/Kick Drums/Generic Kick/One Shots,Drums,True,False,False,final_measured_kick_one_shot_invariant,,hit_with_tail,,,1.98,,results_offset130_pf5.csv,bulk_disabled_third_party
1,1,one_shot_percussive_sounds/1,136,one_shot_percussive_sounds/1/14814.wav,/mnt/data/perc_v31171/neutral_extract/g01/neutral_g01_00136.wav,Drums/Toms/Generic Tom/One Shots,Drums,True,False,False,final_protected_percussive_parent_release,,single_hit,,,1.79,,results_offset135_pf5.csv,bulk_disabled_third_party
2,1,one_shot_percussive_sounds/1,137,one_shot_percussive_sounds/1/14817.wav,/mnt/data/perc_v31171/neutral_extract/g01/neutral_g01_00137.wav,Drums/Rims and Sticks/Generic Rim or Stick/One Shots,Drums,True,False,False,final_protected_percussive_parent_release,,single_hit,,,2.04,,results_offset135_pf5.csv,bulk_disabled_third_party
3,1,one_shot_percussive_sounds/1,138,one_shot_percussive_sounds/1/14818.wav,/mnt/data/perc_v31171/neutral_extract/g01/neutral_g01_00138.wav,Drums/Rims and Sticks/Generic Rim or Stick/One Shots,Drums,True,False,False,final_protected_percussive_parent_release,,solo_phrase,,,1.7,,results_offset135_pf5.csv,bulk_disabled_third_party
4,1,one_shot_percussive_sounds/1,139,one_shot_percussive_sounds/1/14819.wav,/mnt/data/perc_v31171/neutral_extract/g01/neutral_g01_00139.wav,Drums/Rims and Sticks/Generic Rim or Stick/One Shots,Drums,True,False,False,final_protected_percussive_parent_release,,solo_phrase,,,1.82,,results_offset135_pf5.csv,bulk_disabled_third_party
5,1,one_shot_percussive_sounds/1,140,one_shot_percussive_sounds/1/14820.wav,/mnt/data/perc_v31171/neutral_extract/g01/neutral_g01_00140.wav,Drums/Toms/Generic Tom/One Shots,Drums,True,False,False,final_protected_percussive_parent_release,,solo_phrase,,,5.77,,results_offset135_pf5.csv,fixed_third_party_enabled_individual
6,2,one_shot_percussive_sounds/2,136,one_shot_percussive_sounds/2/105489.wav,/mnt/data/perc_v31171/neutral_extract/g02/neutral_g02_00136.wav,Drums/Kick Drums/Generic Kick/One Shots,Drums,True,False,False,final_measured_kick_one_shot_invariant,,solo_phrase,,,1.82,,results_offset135_pf5.csv,bulk_disabled_third_party
7,2,one_shot_percussive_sounds/2,137,one_shot_percussive_sounds/2/105490.wav,/mnt/data/perc_v31171/neutral_extract/g02/neutral_g02_00137.wav,Drums/Kick Drums/Generic Kick/One Shots,Drums,True,False,False,final_measured_kick_one_shot_invariant,,single_hit,,,2.14,,results_offset135_pf5.csv,bulk_disabled_third_party
8,2,one_shot_percussive_sounds/2,138,one_shot_percussive_sounds/2/105491.wav,/mnt/data/perc_v31171/neutral_extract/g02/neutral_g02_00138.wav,Drums/Kick Drums/Generic Kick/One Shots,Drums,True,False,False,profile_candidate_kick_claim,,single_hit,,,2.48,,results_offset135_pf5.csv,bulk_disabled_third_party
9,2,one_shot_percussive_sounds/2,139,one_shot_percussive_sounds/2/105492.wav,/mnt/data/perc_v31171/neutral_extract/g02/neutral_g02_00139.wav,Drums/Kick Drums/Generic Kick/One Shots,Drums,True,False,False,final_measured_kick_one_shot_invariant,,hit_with_tail,,,1.95,,results_offset135_pf5.csv,bulk_disabled_third_party
10,2,one_shot_percussive_sounds/2,140,one_shot_percussive_sounds/2/105493.wav,/mnt/data/perc_v31171/neutral_extract/g02/neutral_g02_00140.wav,Drums/Kick Drums/Generic Kick/One Shots,Drums,True,False,False,final_measured_kick_one_shot_invariant,,hit_with_tail,,,2.09,,results_offset135_pf5.csv,bulk_disabled_third_party
11,3,one_shot_percussive_sounds/3,136,one_shot_percussive_sounds/3/143704.wav,/mnt/data/perc_v31171/neutral_extract/g03/neutral_g03_00136.wav,Drums/Percussion/Bells and Metallic Percussion/One Shots,Drums,True,False,False,final_measured_drum_one_shot_invariant,,hit_with_tail,,,1.84,,results_offset135_pf5.csv,bulk_disabled_third_party
12,3,one_shot_percussive_sounds/3,137,one_shot_percussive_sounds/3/143706.wav,/mnt/data/perc_v31171/neutral_extract/g03/neutral_g03_00137.wav,Drums/Snares/Acoustic Snare/One Shots,Drums,True,False,False,final_measured_drum_one_shot_invariant,,single_hit,,,1.88,,results_offset135_pf5.csv,bulk_disabled_third_party
13,3,one_shot_percussive_sounds/3,138,one_shot_percussive_sounds/3/143707.wav,/mnt/data/perc_v31171/neutral_extract/g03/neutral_g03_00138.wav,Drums/Snares/Generic Snare/One Shots,Drums,True,False,False,final_weak_review_measured_drums_release,,single_hit,,,0.79,,results_offset135_pf5.csv,bulk_disabled_third_party
14,3,one_shot_percussive_sounds/3,139,one_shot_percussive_sounds/3/143708.wav,/mnt/data/perc_v31171/neutral_extract/g03/neutral_g03_00139.wav,Drums/Percussion/Bells and Metallic Percussion/One Shots,Drums,True,False,False,final_measured_drum_one_shot_invariant,,single_hit,,,1.91,,results_offset135_pf5.csv,bulk_disabled_third_party
15,3,one_shot_percussive_sounds/3,140,one_shot_percussive_sounds/3/143709.wav,/mnt/data/perc_v31171/neutral_extract/g03/neutral_g03_00140.wav,Drums/Snares/Acoustic Snare/One Shots,Drums,True,False,False,final_measured_drum_one_shot_invariant,,single_hit,,,2.05,,results_offset135_pf5.csv,bulk_disabled_third_party
16,4,one_shot_percussive_sounds/4,136,one_shot_percussive_sounds/4/207814.wav,/mnt/data/perc_v31171/neutral_extract/g04/neutral_g04_00136.wav,Drums/Snares/Acoustic Snare/One Shots,Drums,True,False,False,final_measured_drum_one_shot_invariant,,single_hit,,,1.99,,results_offset135_pf5.csv,bulk_disabled_third_party
17,4,one_shot_percussive_sounds/4,137,one_shot_percussive_sounds/4/207863.wav,/mnt/data/perc_v31171/neutral_extract/g04/neutral_g04_00137.wav,Drums/Toms/Generic Tom/One Shots,Drums,True,False,False,final_protected_percussive_parent_release,,hit_with_tail,,,2.04,,results_offset135_pf5.csv,bulk_disabled_third_party
18,4,one_shot_percussive_sounds/4,138,one_shot_percussive_sounds/4/207870.wav,/mnt/data/perc_v31171/neutral_extract/g04/neutral_g04_00138.wav,Drums/Snares/Acoustic Snare/One Shots,Drums,True,False,False,final_measured_drum_one_shot_invariant,,single_hit,,,1.77,,results_offset135_pf5.csv,bulk_disabled_third_party
19,4,one_shot_percussive_sounds/4,139,one_shot_percussive_sounds/4/207905.wav,/mnt/data/perc_v31171/neutral_extract/g04/neutral_g04_00139.wav,Drums/Cymbals/Generic Cymbal/One Shots,Drums,True,False,False,final_measured_protected_percussive_parent_claim,,echo_tail_hit,,,0.82,,results_offset135_pf5.csv,bulk_disabled_third_party
20,4,one_shot_percussive_sounds/4,140,one_shot_percussive_sounds/4/207913.wav,/mnt/data/perc_v31171/neutral_extract/g04/neutral_g04_00140.wav,Drums/Snares/Acoustic Snare/One Shots,Drums,True,False,False,final_measured_drum_one_shot_invariant,,single_hit,,,1.98,,results_offset135_pf5.csv,bulk_disabled_third_party
21,5,one_shot_percussive_sounds/5,136,one_shot_percussive_sounds/5/439811.wav,/mnt/data/perc_v31171/neutral_extract/g05/neutral_g05_00136.wav,Drums/Kick Drums/Generic Kick/One Shots,Drums,True,False,False,final_measured_kick_one_shot_invariant,,hit_with_tail,,,2.14,,results_offset135_pf5.csv,bulk_disabled_third_party
22,5,one_shot_percussive_sounds/5,137,one_shot_percussive_sounds/5/439814.wav,/mnt/data/perc_v31171/neutral_extract/g05/neutral_g05_00137.wav,Drums/Kick Drums/Generic Kick/One Shots,Drums,True,False,False,final_measured_kick_one_shot_invariant,,bass_phrase,,,2.49,,results_offset135_pf5.csv,bulk_disabled_third_party
23,5,one_shot_percussive_sounds/5,138,one_shot_percussive_sounds/5/439816.wav,/mnt/data/perc_v31171/neutral_extract/g05/neutral_g05_00138.wav,Drums/Percussion/Guiros Scrapes and Rasps/One Shots,Drums,True,False,False,final_protected_percussive_parent_release,,texture_bed,,,6.76,,results_offset135_pf5.csv,fixed_third_party_enabled_individual
24,5,one_shot_percussive_sounds/5,139,one_shot_percussive_sounds/5/439817.wav,/mnt/data/perc_v31171/neutral_extract/g05/neutral_g05_00139.wav,Drums/Percussion/Generic Percussion/One Shots,Drums,True,False,False,final_protected_percussive_parent_release,,single_hit,,,1.97,,results_offset135_pf5.csv,bulk_disabled_third_party
25,5,one_shot_percussive_sounds/5,140,one_shot_percussive_sounds/5/439818.wav,/mnt/data/perc_v31171/neutral_extract/g05/neutral_g05_00140.wav,Drums/Snares/Acoustic Snare/One Shots,Drums,True,False,False,final_measured_drum_one_shot_invariant,,single_hit,,,1.89,,results_offset135_pf5.csv,bulk_disabled_third_party
1,1,one_shot_percussive_sounds/1,141,one_shot_percussive_sounds/1/14821.wav,/mnt/data/perc_v31171/neutral_extract/g01/neutral_g01_00141.wav,Drums/Snares/Generic Snare/One Shots,Drums,True,False,False,final_protected_percussive_parent_release,,single_hit,,,1.8,,results_offset140_pf5.csv,bulk_disabled_third_party
2,1,one_shot_percussive_sounds/1,142,one_shot_percussive_sounds/1/14822.wav,/mnt/data/perc_v31171/neutral_extract/g01/neutral_g01_00142.wav,Drums/Toms/Floor Tom/One Shots,Drums,True,False,False,final_measured_drum_one_shot_invariant,,echo_tail_hit,,,2.2,,results_offset140_pf5.csv,bulk_disabled_third_party
3,1,one_shot_percussive_sounds/1,143,one_shot_percussive_sounds/1/14823.wav,/mnt/data/perc_v31171/neutral_extract/g01/neutral_g01_00143.wav,Drums/Snares/Acoustic Snare/One Shots,Drums,True,False,False,final_measured_drum_one_shot_invariant,,single_hit,,,1.76,,results_offset140_pf5.csv,bulk_disabled_third_party
4,1,one_shot_percussive_sounds/1,144,one_shot_percussive_sounds/1/14824.wav,/mnt/data/perc_v31171/neutral_extract/g01/neutral_g01_00144.wav,Drums/Rims and Sticks/Generic Rim or Stick/One Shots,Drums,True,False,False,final_protected_percussive_parent_release,,solo_phrase,,,1.88,,results_offset140_pf5.csv,bulk_disabled_third_party
5,1,one_shot_percussive_sounds/1,145,one_shot_percussive_sounds/1/14825.wav,/mnt/data/perc_v31171/neutral_extract/g01/neutral_g01_00145.wav,Drums/Rims and Sticks/Generic Rim or Stick/One Shots,Drums,True,False,False,final_protected_percussive_parent_release,,single_hit,,,1.81,,results_offset140_pf5.csv,bulk_disabled_third_party
6,2,one_shot_percussive_sounds/2,141,one_shot_percussive_sounds/2/105494.wav,/mnt/data/perc_v31171/neutral_extract/g02/neutral_g02_00141.wav,Drums/Kick Drums/Generic Kick/One Shots,Drums,True,False,False,final_measured_kick_one_shot_invariant,,hit_with_tail,,,1.76,,results_offset140_pf5.csv,bulk_disabled_third_party
7,2,one_shot_percussive_sounds/2,142,one_shot_percussive_sounds/2/105497.wav,/mnt/data/perc_v31171/neutral_extract/g02/neutral_g02_00142.wav,Drums/Kick Drums/Generic Kick/One Shots,Drums,True,False,False,final_measured_kick_one_shot_invariant,,hit_with_tail,,,1.91,,results_offset140_pf5.csv,bulk_disabled_third_party
8,2,one_shot_percussive_sounds/2,143,one_shot_percussive_sounds/2/105499.wav,/mnt/data/perc_v31171/neutral_extract/g02/neutral_g02_00143.wav,Drums/Kick Drums/Generic Kick/One Shots,Drums,True,False,False,final_measured_kick_one_shot_invariant,,solo_phrase,,,1.84,,results_offset140_pf5.csv,bulk_disabled_third_party
9,2,one_shot_percussive_sounds/2,144,one_shot_percussive_sounds/2/105502.wav,/mnt/data/perc_v31171/neutral_extract/g02/neutral_g02_00144.wav,Drums/Kick Drums/Generic Kick/One Shots,Drums,True,False,False,final_measured_kick_one_shot_invariant,,solo_phrase,,,2.05,,results_offset140_pf5.csv,bulk_disabled_third_party
10,2,one_shot_percussive_sounds/2,145,one_shot_percussive_sounds/2/105503.wav,/mnt/data/perc_v31171/neutral_extract/g02/neutral_g02_00145.wav,Drums/Kick Drums/Generic Kick/One Shots,Drums,True,False,False,final_measured_kick_one_shot_invariant,,solo_phrase,,,1.94,,results_offset140_pf5.csv,bulk_disabled_third_party
11,3,one_shot_percussive_sounds/3,141,one_shot_percussive_sounds/3/143710.wav,/mnt/data/perc_v31171/neutral_extract/g03/neutral_g03_00141.wav,Drums/Percussion/Bells and Metallic Percussion/One Shots,Drums,True,False,False,final_measured_drum_one_shot_invariant,,single_hit,,,1.86,,results_offset140_pf5.csv,bulk_disabled_third_party
12,3,one_shot_percussive_sounds/3,142,one_shot_percussive_sounds/3/143712.wav,/mnt/data/perc_v31171/neutral_extract/g03/neutral_g03_00142.wav,Drums/Snares/Acoustic Snare/One Shots,Drums,True,False,False,final_measured_drum_one_shot_invariant,,hit_with_tail,,,2.0,,results_offset140_pf5.csv,bulk_disabled_third_party
13,3,one_shot_percussive_sounds/3,143,one_shot_percussive_sounds/3/143723.wav,/mnt/data/perc_v31171/neutral_extract/g03/neutral_g03_00143.wav,Drums/Snares/Acoustic Snare/One Shots,Drums,True,False,False,final_measured_drum_one_shot_invariant,,single_hit,,,1.86,,results_offset140_pf5.csv,bulk_disabled_third_party
14,3,one_shot_percussive_sounds/3,144,one_shot_percussive_sounds/3/143724.wav,/mnt/data/perc_v31171/neutral_extract/g03/neutral_g03_00144.wav,Drums/Claps Snaps Slaps/Generic Clap/One Shots,Drums,True,False,False,final_measured_drum_one_shot_invariant,,single_hit,,,2.03,,results_offset140_pf5.csv,bulk_disabled_third_party
15,3,one_shot_percussive_sounds/3,145,one_shot_percussive_sounds/3/143725.wav,/mnt/data/perc_v31171/neutral_extract/g03/neutral_g03_00145.wav,Drums/Snares/Acoustic Snare/One Shots,Drums,True,False,False,final_measured_drum_one_shot_invariant,,single_hit,,,1.96,,results_offset140_pf5.csv,bulk_disabled_third_party
16,4,one_shot_percussive_sounds/4,141,one_shot_percussive_sounds/4/207914.wav,/mnt/data/perc_v31171/neutral_extract/g04/neutral_g04_00141.wav,Drums/Snares/Acoustic Snare/One Shots,Drums,True,False,False,final_measured_drum_one_shot_invariant,,single_hit,,,2.12,,results_offset140_pf5.csv,bulk_disabled_third_party
17,4,one_shot_percussive_sounds/4,142,one_shot_percussive_sounds/4/207915.wav,/mnt/data/perc_v31171/neutral_extract/g04/neutral_g04_00142.wav,Drums/Hi Hats/Open Hat/One Shots,Drums,True,False,False,strong_consensus,,texture_bed,,,1.99,,results_offset140_pf5.csv,bulk_disabled_third_party
18,4,one_shot_percussive_sounds/4,143,one_shot_percussive_sounds/4/207916.wav,/mnt/data/perc_v31171/neutral_extract/g04/neutral_g04_00143.wav,Drums/Snares/Acoustic Snare/One Shots,Drums,True,False,False,final_measured_drum_one_shot_invariant,,single_hit,,,1.71,,results_offset140_pf5.csv,bulk_disabled_third_party
19,4,one_shot_percussive_sounds/4,144,one_shot_percussive_sounds/4/207921.wav,/mnt/data/perc_v31171/neutral_extract/g04/neutral_g04_00144.wav,Drums/Snares/Acoustic Snare/One Shots,Drums,True,False,False,final_measured_drum_one_shot_invariant,,single_hit,,,1.82,,results_offset140_pf5.csv,bulk_disabled_third_party
20,4,one_shot_percussive_sounds/4,145,one_shot_percussive_sounds/4/207927.wav,/mnt/data/perc_v31171/neutral_extract/g04/neutral_g04_00145.wav,Drums/Toms/Generic Tom/One Shots,Drums,True,False,False,final_protected_percussive_parent_release,,hit_with_tail,,,1.65,,results_offset140_pf5.csv,bulk_disabled_third_party
21,5,one_shot_percussive_sounds/5,141,one_shot_percussive_sounds/5/439819.wav,/mnt/data/perc_v31171/neutral_extract/g05/neutral_g05_00141.wav,Drums/Snares/Acoustic Snare/One Shots,Drums,True,False,False,final_measured_drum_one_shot_invariant,,single_hit,,,1.92,,results_offset140_pf5.csv,bulk_disabled_third_party
22,5,one_shot_percussive_sounds/5,142,one_shot_percussive_sounds/5/439820.wav,/mnt/data/perc_v31171/neutral_extract/g05/neutral_g05_00142.wav,Drums/Snares/Acoustic Snare/One Shots,Drums,True,False,False,final_measured_drum_one_shot_invariant,,single_hit,,,1.78,,results_offset140_pf5.csv,bulk_disabled_third_party
23,5,one_shot_percussive_sounds/5,143,one_shot_percussive_sounds/5/439821.wav,/mnt/data/perc_v31171/neutral_extract/g05/neutral_g05_00143.wav,Drums/Snares/Acoustic Snare/One Shots,Drums,True,False,False,final_measured_drum_one_shot_invariant,,single_hit,,,1.85,,results_offset140_pf5.csv,bulk_disabled_third_party
24,5,one_shot_percussive_sounds/5,144,one_shot_percussive_sounds/5/439822.wav,/mnt/data/perc_v31171/neutral_extract/g05/neutral_g05_00144.wav,Drums/Percussion/Guiros Scrapes and Rasps/One Shots,Drums,True,False,False,final_measured_protected_percussive_parent_claim,,texture_bed,,,2.13,,results_offset140_pf5.csv,bulk_disabled_third_party
25,5,one_shot_percussive_sounds/5,145,one_shot_percussive_sounds/5/439823.wav,/mnt/data/perc_v31171/neutral_extract/g05/neutral_g05_00145.wav,Drums/Rims and Sticks/Generic Rim or Stick/One Shots,Drums,True,False,False,final_protected_percussive_parent_release,,single_hit,,,1.75,,results_offset140_pf5.csv,bulk_disabled_third_party
1,1,one_shot_percussive_sounds/1,146,one_shot_percussive_sounds/1/15312.wav,/mnt/data/perc_v31171/neutral_extract/g01/neutral_g01_00146.wav,Drums/Percussion/Generic Percussion/One Shots,Drums,True,False,False,final_protected_percussive_parent_release,,hit_with_tail,,,6.82,,results_offset145_pf5.csv,fixed_third_party_enabled_individual
2,1,one_shot_percussive_sounds/1,147,one_shot_percussive_sounds/1/15313.wav,/mnt/data/perc_v31171/neutral_extract/g01/neutral_g01_00147.wav,Drums/Kick Drums/Generic Kick/One Shots,Drums,True,False,False,profile_candidate_kick_claim,,hit_with_tail,,,2.01,,results_offset145_pf5.csv,bulk_disabled_third_party
3,1,one_shot_percussive_sounds/1,148,one_shot_percussive_sounds/1/15314.wav,/mnt/data/perc_v31171/neutral_extract/g01/neutral_g01_00148.wav,Drums/Toms/Generic Tom/One Shots,Drums,True,False,False,final_protected_percussive_parent_release,,pitched_repetition_phrase,,,6.84,,results_offset145_pf5.csv,fixed_third_party_enabled_individual
4,1,one_shot_percussive_sounds/1,149,one_shot_percussive_sounds/1/15576.wav,/mnt/data/perc_v31171/neutral_extract/g01/neutral_g01_00149.wav,Drums/Rims and Sticks/Rimshot/One Shots,Drums,True,False,False,strong_consensus,,echo_tail_hit,,,1.9,,results_offset145_pf5.csv,bulk_disabled_third_party
5,1,one_shot_percussive_sounds/1,150,one_shot_percussive_sounds/1/15577.wav,/mnt/data/perc_v31171/neutral_extract/g01/neutral_g01_00150.wav,Drums/Percussion/Bells and Metallic Percussion/One Shots,Drums,True,False,False,final_measured_drum_one_shot_invariant,,hit_with_tail,,,1.86,,results_offset145_pf5.csv,bulk_disabled_third_party
6,2,one_shot_percussive_sounds/2,146,one_shot_percussive_sounds/2/105507.wav,/mnt/data/perc_v31171/neutral_extract/g02/neutral_g02_00146.wav,Drums/Kick Drums/Generic Kick/One Shots,Drums,True,False,False,final_measured_kick_one_shot_invariant,,hit_with_tail,,,2.0,,results_offset145_pf5.csv,bulk_disabled_third_party
7,2,one_shot_percussive_sounds/2,147,one_shot_percussive_sounds/2/105508.wav,/mnt/data/perc_v31171/neutral_extract/g02/neutral_g02_00147.wav,Drums/Kick Drums/Generic Kick/One Shots,Drums,True,False,False,final_measured_kick_one_shot_invariant,,hit_with_tail,,,2.19,,results_offset145_pf5.csv,bulk_disabled_third_party
8,2,one_shot_percussive_sounds/2,148,one_shot_percussive_sounds/2/105510.wav,/mnt/data/perc_v31171/neutral_extract/g02/neutral_g02_00148.wav,Drums/Kick Drums/Generic Kick/One Shots,Drums,True,False,False,final_measured_kick_one_shot_invariant,,hit_with_tail,,,1.91,,results_offset145_pf5.csv,bulk_disabled_third_party
9,2,one_shot_percussive_sounds/2,149,one_shot_percussive_sounds/2/105511.wav,/mnt/data/perc_v31171/neutral_extract/g02/neutral_g02_00149.wav,Drums/Kick Drums/Generic Kick/One Shots,Drums,True,False,False,final_measured_kick_one_shot_invariant,,hit_with_tail,,,2.3,,results_offset145_pf5.csv,bulk_disabled_third_party
10,2,one_shot_percussive_sounds/2,150,one_shot_percussive_sounds/2/105512.wav,/mnt/data/perc_v31171/neutral_extract/g02/neutral_g02_00150.wav,Drums/Kick Drums/Generic Kick/One Shots,Drums,True,False,False,final_measured_kick_one_shot_invariant,,hit_with_tail,,,2.15,,results_offset145_pf5.csv,bulk_disabled_third_party
11,3,one_shot_percussive_sounds/3,146,one_shot_percussive_sounds/3/143726.wav,/mnt/data/perc_v31171/neutral_extract/g03/neutral_g03_00146.wav,Drums/Snares/Acoustic Snare/One Shots,Drums,True,False,False,final_measured_drum_one_shot_invariant,,single_hit,,,1.95,,results_offset145_pf5.csv,bulk_disabled_third_party
12,3,one_shot_percussive_sounds/3,147,one_shot_percussive_sounds/3/143727.wav,/mnt/data/perc_v31171/neutral_extract/g03/neutral_g03_00147.wav,Drums/Snares/Acoustic Snare/One Shots,Drums,True,False,False,final_measured_drum_one_shot_invariant,,single_hit,,,1.91,,results_offset145_pf5.csv,bulk_disabled_third_party
13,3,one_shot_percussive_sounds/3,148,one_shot_percussive_sounds/3/143728.wav,/mnt/data/perc_v31171/neutral_extract/g03/neutral_g03_00148.wav,Drums/Snares/Acoustic Snare/One Shots,Drums,True,False,False,final_measured_drum_one_shot_invariant,,single_hit,,,2.0,,results_offset145_pf5.csv,bulk_disabled_third_party
14,3,one_shot_percussive_sounds/3,149,one_shot_percussive_sounds/3/143729.wav,/mnt/data/perc_v31171/neutral_extract/g03/neutral_g03_00149.wav,Drums/Snares/Acoustic Snare/One Shots,Drums,True,False,False,final_measured_drum_one_shot_invariant,,single_hit,,,2.1,,results_offset145_pf5.csv,bulk_disabled_third_party
15,3,one_shot_percussive_sounds/3,150,one_shot_percussive_sounds/3/143730.wav,/mnt/data/perc_v31171/neutral_extract/g03/neutral_g03_00150.wav,Drums/Snares/Acoustic Snare/One Shots,Drums,True,False,False,final_measured_drum_one_shot_invariant,,single_hit,,,1.91,,results_offset145_pf5.csv,bulk_disabled_third_party
16,4,one_shot_percussive_sounds/4,146,one_shot_percussive_sounds/4/207928.wav,/mnt/data/perc_v31171/neutral_extract/g04/neutral_g04_00146.wav,Drums/Snares/Acoustic Snare/One Shots,Drums,True,False,False,final_measured_drum_one_shot_invariant,,single_hit,,,2.35,,results_offset145_pf5.csv,bulk_disabled_third_party
17,4,one_shot_percussive_sounds/4,147,one_shot_percussive_sounds/4/207957.wav,/mnt/data/perc_v31171/neutral_extract/g04/neutral_g04_00147.wav,Drums/Kick Drums/Generic Kick/One Shots,Drums,True,False,False,profile_candidate_kick_claim,,single_hit,,,1.67,,results_offset145_pf5.csv,bulk_disabled_third_party
18,4,one_shot_percussive_sounds/4,148,one_shot_percussive_sounds/4/207958.wav,/mnt/data/perc_v31171/neutral_extract/g04/neutral_g04_00148.wav,Drums/Kick Drums/Generic Kick/One Shots,Drums,True,False,False,final_measured_kick_one_shot_invariant,,solo_phrase,,,1.76,,results_offset145_pf5.csv,bulk_disabled_third_party
19,4,one_shot_percussive_sounds/4,149,one_shot_percussive_sounds/4/207959.wav,/mnt/data/perc_v31171/neutral_extract/g04/neutral_g04_00149.wav,Drums/Kick Drums/Generic Kick/One Shots,Drums,True,False,False,final_measured_kick_one_shot_invariant,,hit_with_tail,,,1.84,,results_offset145_pf5.csv,bulk_disabled_third_party
20,4,one_shot_percussive_sounds/4,150,one_shot_percussive_sounds/4/207960.wav,/mnt/data/perc_v31171/neutral_extract/g04/neutral_g04_00150.wav,Drums/Toms/Generic Tom/One Shots,Drums,True,False,False,final_protected_percussive_parent_release,,solo_phrase,,,1.74,,results_offset145_pf5.csv,bulk_disabled_third_party
21,5,one_shot_percussive_sounds/5,146,one_shot_percussive_sounds/5/439824.wav,/mnt/data/perc_v31171/neutral_extract/g05/neutral_g05_00146.wav,Drums/Toms/Generic Tom/One Shots,Drums,True,False,False,final_protected_percussive_parent_release,,solo_phrase,,,2.1,,results_offset145_pf5.csv,bulk_disabled_third_party
22,5,one_shot_percussive_sounds/5,147,one_shot_percussive_sounds/5/439825.wav,/mnt/data/perc_v31171/neutral_extract/g05/neutral_g05_00147.wav,Drums/Toms/Generic Tom/One Shots,Drums,True,False,False,final_protected_percussive_parent_release,,solo_phrase,,,6.95,,results_offset145_pf5.csv,fixed_third_party_enabled_individual
23,5,one_shot_percussive_sounds/5,148,one_shot_percussive_sounds/5/439826.wav,/mnt/data/perc_v31171/neutral_extract/g05/neutral_g05_00148.wav,Drums/Rims and Sticks/Generic Rim or Stick/One Shots,Drums,True,False,False,final_measured_drum_one_shot_invariant,,single_hit,,,1.76,,results_offset145_pf5.csv,bulk_disabled_third_party
24,5,one_shot_percussive_sounds/5,149,one_shot_percussive_sounds/5/439827.wav,/mnt/data/perc_v31171/neutral_extract/g05/neutral_g05_00149.wav,Drums/Toms/Generic Tom/One Shots,Drums,True,False,False,final_protected_percussive_parent_release,,solo_phrase,,,1.66,,results_offset145_pf5.csv,bulk_disabled_third_party
25,5,one_shot_percussive_sounds/5,150,one_shot_percussive_sounds/5/439828.wav,/mnt/data/perc_v31171/neutral_extract/g05/neutral_g05_00150.wav,Drums/Rims and Sticks/Generic Rim or Stick/One Shots,Drums,True,False,False,final_protected_percussive_parent_release,,single_hit,,,1.68,,results_offset145_pf5.csv,bulk_disabled_third_party
