member,neutral_file,path,top,status,shape,seconds,ok_broad,instrument_steal,review,error
one_shot_percussive_sounds/1/14491.wav,/mnt/data/perc_v31171/neutral_extract/g01/neutral_g01_00124.wav,Drums/Percussion/Bells and Metallic Percussion/One Shots,Drums,final_protected_percussive_parent_release,solo_phrase,6.82,True,False,False,
one_shot_percussive_sounds/2/105434.wav,/mnt/data/perc_v31171/neutral_extract/g02/neutral_g02_00130.wav,Drums/Kick Drums/Generic Kick/One Shots,Drums,final_parent_low_kick_like_release,solo_phrase,6.57,True,False,False,
one_shot_percussive_sounds/4/205973.wav,/mnt/data/perc_v31171/neutral_extract/g04/neutral_g04_00134.wav,Drums/Rims and Sticks/Generic Rim or Stick/One Shots,Drums,final_protected_percussive_parent_release,pitched_repetition_phrase,6.66,True,False,False,
one_shot_percussive_sounds/4/207170.wav,/mnt/data/perc_v31171/neutral_extract/g04/neutral_g04_00135.wav,Drums/Rims and Sticks/Rimshot/One Shots,Drums,final_weak_review_measured_drums_release,pitched_repetition_phrase,5.85,True,False,False,
one_shot_percussive_sounds/1/14820.wav,/mnt/data/perc_v31171/neutral_extract/g01/neutral_g01_00140.wav,Drums/Toms/Generic Tom/One Shots,Drums,final_protected_percussive_parent_release,solo_phrase,5.77,True,False,False,
one_shot_percussive_sounds/5/439816.wav,/mnt/data/perc_v31171/neutral_extract/g05/neutral_g05_00138.wav,Drums/Percussion/Guiros Scrapes and Rasps/One Shots,Drums,final_protected_percussive_parent_release,texture_bed,6.76,True,False,False,
one_shot_percussive_sounds/1/15312.wav,/mnt/data/perc_v31171/neutral_extract/g01/neutral_g01_00146.wav,Drums/Percussion/Generic Percussion/One Shots,Drums,final_protected_percussive_parent_release,hit_with_tail,6.82,True,False,False,
one_shot_percussive_sounds/1/15314.wav,/mnt/data/perc_v31171/neutral_extract/g01/neutral_g01_00148.wav,Drums/Toms/Generic Tom/One Shots,Drums,final_protected_percussive_parent_release,pitched_repetition_phrase,6.84,True,False,False,
one_shot_percussive_sounds/5/439825.wav,/mnt/data/perc_v31171/neutral_extract/g05/neutral_g05_00146.wav,Drums/Toms/Generic Tom/One Shots,Drums,final_protected_percussive_parent_release,solo_phrase,6.95,True,False,False,
