seq,group,folder,ordinal,member,neutral_file,path,top,ok_broad,review,instrument_steal,status,final_source,shape,raw_consensus,raw_family,seconds,error,verification_note,third_party_enabled_rerun
1,1,one_shot_percussive_sounds/1,71,one_shot_percussive_sounds/1/13890.wav,/mnt/data/perc_v31169_run3/neutral_extract/g01/neutral_g01_00071.wav,Drums/Toms/Generic Tom/One Shots,Drums,True,False,False,strong_consensus,,single_hit,,,1.47,,bulk_screened_third_party_disabled; failures_rerun_enabled_before_fix,no
2,1,one_shot_percussive_sounds/1,72,one_shot_percussive_sounds/1/13891.wav,/mnt/data/perc_v31169_run3/neutral_extract/g01/neutral_g01_00072.wav,Drums/Percussion/Generic Percussion/One Shots,Drums,True,False,False,percussive_one_shot_parent_firewall,,single_hit,,,1.48,,bulk_screened_third_party_disabled; failures_rerun_enabled_before_fix,no
3,1,one_shot_percussive_sounds/1,73,one_shot_percussive_sounds/1/13892.wav,/mnt/data/perc_v31169_run3/neutral_extract/g01/neutral_g01_00073.wav,Drums/Percussion/Bells and Metallic Percussion/One Shots,Drums,True,False,False,final_protected_percussive_parent_release,,single_hit,,,1.38,,bulk_screened_third_party_disabled; failures_rerun_enabled_before_fix,no
4,1,one_shot_percussive_sounds/1,74,one_shot_percussive_sounds/1/13893.wav,/mnt/data/perc_v31169_run3/neutral_extract/g01/neutral_g01_00074.wav,Drums/Kick Drums/Generic Kick/One Shots,Drums,True,False,False,final_measured_kick_one_shot_invariant,,hit_with_tail,,,1.38,,bulk_screened_third_party_disabled; failures_rerun_enabled_before_fix,no
5,1,one_shot_percussive_sounds/1,75,one_shot_percussive_sounds/1/13894.wav,/mnt/data/perc_v31169_run3/neutral_extract/g01/neutral_g01_00075.wav,Drums/Rims and Sticks/Rimshot/One Shots,Drums,True,False,False,final_measured_drum_one_shot_invariant,,single_hit,,,1.4,,bulk_screened_third_party_disabled; failures_rerun_enabled_before_fix,no
6,2,one_shot_percussive_sounds/2,71,one_shot_percussive_sounds/2/102788.wav,/mnt/data/perc_v31169_run3/neutral_extract/g02/neutral_g02_00071.wav,Drums/Percussion/Guiros Scrapes and Rasps/One Shots,Drums,True,False,False,final_protected_percussive_parent_release,,texture_bed,,,1.46,,bulk_screened_third_party_disabled; failures_rerun_enabled_before_fix,no
7,2,one_shot_percussive_sounds/2,72,one_shot_percussive_sounds/2/102789.wav,/mnt/data/perc_v31169_run3/neutral_extract/g02/neutral_g02_00072.wav,Drums/Snares/Generic Snare/One Shots,Drums,True,False,False,final_decisive_struck_percussion_parent_invariant,,texture_bed,,,0.59,,bulk_screened_third_party_disabled; failures_rerun_enabled_before_fix,no
8,2,one_shot_percussive_sounds/2,73,one_shot_percussive_sounds/2/102790.wav,/mnt/data/perc_v31169_run3/neutral_extract/g02/neutral_g02_00073.wav,Drums/Claps Snaps Slaps/Generic Clap/One Shots,Drums,True,False,False,final_measured_drum_one_shot_invariant,,single_hit,,,1.4,,bulk_screened_third_party_disabled; failures_rerun_enabled_before_fix,no
9,2,one_shot_percussive_sounds/2,74,one_shot_percussive_sounds/2/102791.wav,/mnt/data/perc_v31169_run3/neutral_extract/g02/neutral_g02_00074.wav,Drums/Toms/Generic Tom/One Shots,Drums,True,False,False,final_measured_protected_percussive_parent_claim,,hit_with_tail,,,1.38,,bulk_screened_third_party_disabled; failures_rerun_enabled_before_fix,no
10,2,one_shot_percussive_sounds/2,75,one_shot_percussive_sounds/2/102792.wav,/mnt/data/perc_v31169_run3/neutral_extract/g02/neutral_g02_00075.wav,Drums/Toms/Generic Tom/One Shots,Drums,True,False,False,final_measured_protected_percussive_parent_claim,,hit_with_tail,,,1.38,,bulk_screened_third_party_disabled; failures_rerun_enabled_before_fix,no
11,3,one_shot_percussive_sounds/3,71,one_shot_percussive_sounds/3/143510.wav,/mnt/data/perc_v31169_run3/neutral_extract/g03/neutral_g03_00071.wav,Drums/Snares/Generic Snare/One Shots,Drums,True,False,False,final_measured_protected_percussive_parent_claim,,single_hit,,,1.29,,bulk_screened_third_party_disabled; failures_rerun_enabled_before_fix,no
12,3,one_shot_percussive_sounds/3,72,one_shot_percussive_sounds/3/143511.wav,/mnt/data/perc_v31169_run3/neutral_extract/g03/neutral_g03_00072.wav,Drums/Toms/Generic Tom/One Shots,Drums,True,False,False,final_measured_protected_percussive_parent_claim,,hit_with_tail,,,1.51,,bulk_screened_third_party_disabled; failures_rerun_enabled_before_fix,no
13,3,one_shot_percussive_sounds/3,73,one_shot_percussive_sounds/3/143512.wav,/mnt/data/perc_v31169_run3/neutral_extract/g03/neutral_g03_00073.wav,Drums/Snares/Generic Snare/One Shots,Drums,True,False,False,final_measured_protected_percussive_parent_claim,,single_hit,,,1.43,,bulk_screened_third_party_disabled; failures_rerun_enabled_before_fix,no
14,3,one_shot_percussive_sounds/3,74,one_shot_percussive_sounds/3/143513.wav,/mnt/data/perc_v31169_run3/neutral_extract/g03/neutral_g03_00074.wav,Drums/Rims and Sticks/Generic Rim or Stick/One Shots,Drums,True,False,False,final_measured_protected_percussive_parent_claim,,hit_with_tail,,,1.41,,bulk_screened_third_party_disabled; failures_rerun_enabled_before_fix,no
15,3,one_shot_percussive_sounds/3,75,one_shot_percussive_sounds/3/143514.wav,/mnt/data/perc_v31169_run3/neutral_extract/g03/neutral_g03_00075.wav,Drums/Toms/Generic Tom/One Shots,Drums,True,False,False,final_measured_protected_percussive_parent_claim,,hit_with_tail,,,1.46,,bulk_screened_third_party_disabled; failures_rerun_enabled_before_fix,no
16,4,one_shot_percussive_sounds/4,71,one_shot_percussive_sounds/4/203221.wav,/mnt/data/perc_v31169_run3/neutral_extract/g04/neutral_g04_00071.wav,Drums/Snares/Acoustic Snare/One Shots,Drums,True,False,False,final_measured_drum_one_shot_invariant,,single_hit,,,1.27,,bulk_screened_third_party_disabled; failures_rerun_enabled_before_fix,no
17,4,one_shot_percussive_sounds/4,72,one_shot_percussive_sounds/4/203834.wav,/mnt/data/perc_v31169_run3/neutral_extract/g04/neutral_g04_00072.wav,Drums/Toms/Floor Tom/One Shots,Drums,True,False,False,final_measured_drum_one_shot_invariant,,hit_with_tail,,,1.41,,bulk_screened_third_party_disabled; failures_rerun_enabled_before_fix,no
18,4,one_shot_percussive_sounds/4,73,one_shot_percussive_sounds/4/203838.wav,/mnt/data/perc_v31169_run3/neutral_extract/g04/neutral_g04_00073.wav,Drums/Toms/Generic Tom/One Shots,Drums,True,False,False,final_measured_protected_percussive_parent_claim,,solo_phrase,,,1.32,,bulk_screened_third_party_disabled; failures_rerun_enabled_before_fix,yes
19,4,one_shot_percussive_sounds/4,74,one_shot_percussive_sounds/4/203840.wav,/mnt/data/perc_v31169_run3/neutral_extract/g04/neutral_g04_00074.wav,Drums/Percussion/Guiros Scrapes and Rasps/One Shots,Drums,True,False,False,final_weak_review_measured_drums_release,,impact_with_tail,,,0.54,,bulk_screened_third_party_disabled; failures_rerun_enabled_before_fix,no
20,4,one_shot_percussive_sounds/4,75,one_shot_percussive_sounds/4/203842.wav,/mnt/data/perc_v31169_run3/neutral_extract/g04/neutral_g04_00075.wav,Drums/Toms/Generic Tom/One Shots,Drums,True,False,False,final_protected_percussive_parent_release,,solo_phrase,,,1.4,,bulk_screened_third_party_disabled; failures_rerun_enabled_before_fix,no
21,5,one_shot_percussive_sounds/5,71,one_shot_percussive_sounds/5/433681.wav,/mnt/data/perc_v31169_run3/neutral_extract/g05/neutral_g05_00071.wav,Drums/Kick Drums/Generic Kick/One Shots,Drums,True,False,False,profile_candidate_kick_claim,,hit_with_tail,,,1.34,,bulk_screened_third_party_disabled; failures_rerun_enabled_before_fix,no
22,5,one_shot_percussive_sounds/5,72,one_shot_percussive_sounds/5/433682.wav,/mnt/data/perc_v31169_run3/neutral_extract/g05/neutral_g05_00072.wav,Drums/Kick Drums/Generic Kick/One Shots,Drums,True,False,False,final_measured_kick_one_shot_invariant,,hit_with_tail,,,1.63,,bulk_screened_third_party_disabled; failures_rerun_enabled_before_fix,no
23,5,one_shot_percussive_sounds/5,73,one_shot_percussive_sounds/5/434329.wav,/mnt/data/perc_v31169_run3/neutral_extract/g05/neutral_g05_00073.wav,Drums/Kick Drums/Short Kick/One Shots,Drums,True,False,False,final_weak_review_measured_drums_release,,hit_with_tail,,,1.34,,bulk_screened_third_party_disabled; failures_rerun_enabled_before_fix,no
24,5,one_shot_percussive_sounds/5,74,one_shot_percussive_sounds/5/434349.wav,/mnt/data/perc_v31169_run3/neutral_extract/g05/neutral_g05_00074.wav,Drums/Kick Drums/Generic Kick/One Shots,Drums,True,False,False,final_measured_kick_one_shot_invariant,,hit_with_tail,,,1.5,,bulk_screened_third_party_disabled; failures_rerun_enabled_before_fix,no
25,5,one_shot_percussive_sounds/5,75,one_shot_percussive_sounds/5/434385.wav,/mnt/data/perc_v31169_run3/neutral_extract/g05/neutral_g05_00075.wav,Drums/Percussion/Generic Percussion/One Shots,Drums,True,False,False,final_decisive_struck_percussion_parent_invariant,,echo_tail_hit,,,1.3,,bulk_screened_third_party_disabled; failures_rerun_enabled_before_fix,no
26,1,one_shot_percussive_sounds/1,76,one_shot_percussive_sounds/1/13908.wav,/mnt/data/perc_v31169_run3/neutral_extract/g01/neutral_g01_00076.wav,Drums/Snares/Generic Snare/One Shots,Drums,True,False,False,final_measured_protected_percussive_parent_claim,,single_hit,,,1.34,,bulk_screened_third_party_disabled; failures_rerun_enabled_before_fix,no
27,1,one_shot_percussive_sounds/1,77,one_shot_percussive_sounds/1/13909.wav,/mnt/data/perc_v31169_run3/neutral_extract/g01/neutral_g01_00077.wav,Drums/Snares/Generic Snare/One Shots,Drums,True,False,False,final_measured_protected_percussive_parent_claim,,single_hit,,,1.43,,bulk_screened_third_party_disabled; failures_rerun_enabled_before_fix,no
28,1,one_shot_percussive_sounds/1,78,one_shot_percussive_sounds/1/13910.wav,/mnt/data/perc_v31169_run3/neutral_extract/g01/neutral_g01_00078.wav,Drums/Snares/Generic Snare/One Shots,Drums,True,False,False,final_measured_protected_percussive_parent_claim,,single_hit,,,1.32,,bulk_screened_third_party_disabled; failures_rerun_enabled_before_fix,no
29,1,one_shot_percussive_sounds/1,79,one_shot_percussive_sounds/1/13912.wav,/mnt/data/perc_v31169_run3/neutral_extract/g01/neutral_g01_00079.wav,Drums/Percussion/Bells and Metallic Percussion/One Shots,Drums,True,False,False,final_measured_protected_percussive_parent_claim,,single_hit,,,1.42,,bulk_screened_third_party_disabled; failures_rerun_enabled_before_fix,no
30,1,one_shot_percussive_sounds/1,80,one_shot_percussive_sounds/1/13913.wav,/mnt/data/perc_v31169_run3/neutral_extract/g01/neutral_g01_00080.wav,Drums/Percussion/Guiros Scrapes and Rasps/One Shots,Drums,True,False,False,final_measured_protected_percussive_parent_claim,,texture_bed,,,0.6,,bulk_screened_third_party_disabled; failures_rerun_enabled_before_fix,yes
31,2,one_shot_percussive_sounds/2,76,one_shot_percussive_sounds/2/102795.wav,/mnt/data/perc_v31169_run3/neutral_extract/g02/neutral_g02_00076.wav,Drums/Toms/Generic Tom/One Shots,Drums,True,False,False,final_measured_protected_percussive_parent_claim,,single_hit,,,1.39,,bulk_screened_third_party_disabled; failures_rerun_enabled_before_fix,no
32,2,one_shot_percussive_sounds/2,77,one_shot_percussive_sounds/2/102796.wav,/mnt/data/perc_v31169_run3/neutral_extract/g02/neutral_g02_00077.wav,Drums/Toms/Generic Tom/One Shots,Drums,True,False,False,final_measured_protected_percussive_parent_claim,,hit_with_tail,,,1.41,,bulk_screened_third_party_disabled; failures_rerun_enabled_before_fix,no
33,2,one_shot_percussive_sounds/2,78,one_shot_percussive_sounds/2/102798.wav,/mnt/data/perc_v31169_run3/neutral_extract/g02/neutral_g02_00078.wav,Drums/Kick Drums/Generic Kick/One Shots,Drums,True,False,False,final_measured_kick_one_shot_invariant,,hit_with_tail,,,1.37,,bulk_screened_third_party_disabled; failures_rerun_enabled_before_fix,no
34,2,one_shot_percussive_sounds/2,79,one_shot_percussive_sounds/2/103014.wav,/mnt/data/perc_v31169_run3/neutral_extract/g02/neutral_g02_00079.wav,Drums/Kick Drums/Generic Kick/One Shots,Drums,True,False,False,final_measured_kick_one_shot_invariant,,hit_with_tail,,,1.35,,bulk_screened_third_party_disabled; failures_rerun_enabled_before_fix,no
35,2,one_shot_percussive_sounds/2,80,one_shot_percussive_sounds/2/103019.wav,/mnt/data/perc_v31169_run3/neutral_extract/g02/neutral_g02_00080.wav,Drums/Kick Drums/Generic Kick/One Shots,Drums,True,False,False,final_measured_kick_one_shot_invariant,,hit_with_tail,,,1.34,,bulk_screened_third_party_disabled; failures_rerun_enabled_before_fix,no
36,3,one_shot_percussive_sounds/3,76,one_shot_percussive_sounds/3/143515.wav,/mnt/data/perc_v31169_run3/neutral_extract/g03/neutral_g03_00076.wav,Drums/Rims and Sticks/Generic Rim or Stick/One Shots,Drums,True,False,False,final_measured_protected_percussive_parent_claim,,single_hit,,,1.38,,bulk_screened_third_party_disabled; failures_rerun_enabled_before_fix,no
37,3,one_shot_percussive_sounds/3,77,one_shot_percussive_sounds/3/143516.wav,/mnt/data/perc_v31169_run3/neutral_extract/g03/neutral_g03_00077.wav,Drums/Rims and Sticks/Generic Rim or Stick/One Shots,Drums,True,False,False,final_measured_protected_percussive_parent_claim,,hit_with_tail,,,1.48,,bulk_screened_third_party_disabled; failures_rerun_enabled_before_fix,no
38,3,one_shot_percussive_sounds/3,78,one_shot_percussive_sounds/3/143517.wav,/mnt/data/perc_v31169_run3/neutral_extract/g03/neutral_g03_00078.wav,Drums/Toms/Generic Tom/One Shots,Drums,True,False,False,final_measured_protected_percussive_parent_claim,,hit_with_tail,,,1.3,,bulk_screened_third_party_disabled; failures_rerun_enabled_before_fix,no
39,3,one_shot_percussive_sounds/3,79,one_shot_percussive_sounds/3/143518.wav,/mnt/data/perc_v31169_run3/neutral_extract/g03/neutral_g03_00079.wav,Drums/Toms/Generic Tom/One Shots,Drums,True,False,False,final_measured_protected_percussive_parent_claim,,hit_with_tail,,,1.34,,bulk_screened_third_party_disabled; failures_rerun_enabled_before_fix,no
40,3,one_shot_percussive_sounds/3,80,one_shot_percussive_sounds/3/143519.wav,/mnt/data/perc_v31169_run3/neutral_extract/g03/neutral_g03_00080.wav,Drums/Snares/Generic Snare/One Shots,Drums,True,False,False,final_measured_protected_percussive_parent_claim,,single_hit,,,1.45,,bulk_screened_third_party_disabled; failures_rerun_enabled_before_fix,no
41,4,one_shot_percussive_sounds/4,76,one_shot_percussive_sounds/4/203847.wav,/mnt/data/perc_v31169_run3/neutral_extract/g04/neutral_g04_00076.wav,Drums/Percussion/Guiros Scrapes and Rasps/One Shots,Drums,True,False,False,final_weak_review_measured_drums_release,,impact_with_tail,,,0.58,,bulk_screened_third_party_disabled; failures_rerun_enabled_before_fix,no
42,4,one_shot_percussive_sounds/4,77,one_shot_percussive_sounds/4/203850.wav,/mnt/data/perc_v31169_run3/neutral_extract/g04/neutral_g04_00077.wav,Drums/Toms/Generic Tom/One Shots,Drums,True,False,False,final_measured_protected_percussive_parent_claim,,single_hit,,,1.49,,bulk_screened_third_party_disabled; failures_rerun_enabled_before_fix,no
43,4,one_shot_percussive_sounds/4,78,one_shot_percussive_sounds/4/203851.wav,/mnt/data/perc_v31169_run3/neutral_extract/g04/neutral_g04_00078.wav,Drums/Percussion/Generic Percussion/One Shots,Drums,True,False,False,final_measured_protected_percussive_parent_claim,,single_hit,,,1.25,,bulk_screened_third_party_disabled; failures_rerun_enabled_before_fix,no
44,4,one_shot_percussive_sounds/4,79,one_shot_percussive_sounds/4/203859.wav,/mnt/data/perc_v31169_run3/neutral_extract/g04/neutral_g04_00079.wav,Drums/Toms/Generic Tom/One Shots,Drums,True,False,False,final_measured_protected_percussive_parent_claim,,hit_with_tail,,,1.28,,bulk_screened_third_party_disabled; failures_rerun_enabled_before_fix,yes
45,4,one_shot_percussive_sounds/4,80,one_shot_percussive_sounds/4/203862.wav,/mnt/data/perc_v31169_run3/neutral_extract/g04/neutral_g04_00080.wav,Drums/Percussion/Generic Percussion/One Shots,Drums,True,False,False,final_measured_protected_percussive_parent_claim,,hit_with_tail,,,1.31,,bulk_screened_third_party_disabled; failures_rerun_enabled_before_fix,no
46,5,one_shot_percussive_sounds/5,76,one_shot_percussive_sounds/5/434386.wav,/mnt/data/perc_v31169_run3/neutral_extract/g05/neutral_g05_00076.wav,Drums/Kick Drums/Generic Kick/One Shots,Drums,True,False,False,profile_candidate_kick_claim,,single_hit,,,1.3,,bulk_screened_third_party_disabled; failures_rerun_enabled_before_fix,no
47,5,one_shot_percussive_sounds/5,77,one_shot_percussive_sounds/5/434387.wav,/mnt/data/perc_v31169_run3/neutral_extract/g05/neutral_g05_00077.wav,Drums/Percussion/Generic Percussion/One Shots,Drums,True,False,False,final_protected_percussive_parent_release,,single_hit,,,1.49,,bulk_screened_third_party_disabled; failures_rerun_enabled_before_fix,no
48,5,one_shot_percussive_sounds/5,78,one_shot_percussive_sounds/5/434388.wav,/mnt/data/perc_v31169_run3/neutral_extract/g05/neutral_g05_00078.wav,Drums/Percussion/Generic Percussion/One Shots,Drums,True,False,False,final_measured_protected_percussive_parent_claim,,echo_tail_hit,,,1.32,,bulk_screened_third_party_disabled; failures_rerun_enabled_before_fix,no
49,5,one_shot_percussive_sounds/5,79,one_shot_percussive_sounds/5/434389.wav,/mnt/data/perc_v31169_run3/neutral_extract/g05/neutral_g05_00079.wav,Drums/Kick Drums/Generic Kick/One Shots,Drums,True,False,False,profile_candidate_kick_claim,,hit_with_tail,,,1.38,,bulk_screened_third_party_disabled; failures_rerun_enabled_before_fix,no
50,5,one_shot_percussive_sounds/5,80,one_shot_percussive_sounds/5/434390.wav,/mnt/data/perc_v31169_run3/neutral_extract/g05/neutral_g05_00080.wav,Drums/Kick Drums/Generic Kick/One Shots,Drums,True,False,False,final_measured_kick_one_shot_invariant,,bass_phrase,,,0.61,,bulk_screened_third_party_disabled; failures_rerun_enabled_before_fix,no
51,1,one_shot_percussive_sounds/1,81,one_shot_percussive_sounds/1/13920.wav,/mnt/data/perc_v31169_run3/neutral_extract/g01/neutral_g01_00081.wav,Drums/Snares/Generic Snare/One Shots,Drums,True,False,False,final_measured_protected_percussive_parent_claim,,single_hit,,,1.29,,bulk_screened_third_party_disabled; failures_rerun_enabled_before_fix,no
52,1,one_shot_percussive_sounds/1,82,one_shot_percussive_sounds/1/13924.wav,/mnt/data/perc_v31169_run3/neutral_extract/g01/neutral_g01_00082.wav,Drums/Snares/Generic Snare/One Shots,Drums,True,False,False,final_measured_protected_percussive_parent_claim,,single_hit,,,1.41,,bulk_screened_third_party_disabled; failures_rerun_enabled_before_fix,no
53,1,one_shot_percussive_sounds/1,83,one_shot_percussive_sounds/1/13932.wav,/mnt/data/perc_v31169_run3/neutral_extract/g01/neutral_g01_00083.wav,Drums/Rims and Sticks/Generic Rim or Stick/One Shots,Drums,True,False,False,final_measured_protected_percussive_parent_claim,,single_hit,,,1.3,,bulk_screened_third_party_disabled; failures_rerun_enabled_before_fix,no
54,1,one_shot_percussive_sounds/1,84,one_shot_percussive_sounds/1/13959.wav,/mnt/data/perc_v31169_run3/neutral_extract/g01/neutral_g01_00084.wav,Drums/Toms/Generic Tom/One Shots,Drums,True,False,False,final_protected_percussive_parent_release,,single_hit,,,1.25,,bulk_screened_third_party_disabled; failures_rerun_enabled_before_fix,no
55,1,one_shot_percussive_sounds/1,85,one_shot_percussive_sounds/1/13962.wav,/mnt/data/perc_v31169_run3/neutral_extract/g01/neutral_g01_00085.wav,Drums/Snares/Acoustic Snare/One Shots,Drums,True,False,False,final_measured_drum_one_shot_invariant,,single_hit,,,1.23,,bulk_screened_third_party_disabled; failures_rerun_enabled_before_fix,no
56,2,one_shot_percussive_sounds/2,81,one_shot_percussive_sounds/2/103024.wav,/mnt/data/perc_v31169_run3/neutral_extract/g02/neutral_g02_00081.wav,Drums/Kick Drums/Generic Kick/One Shots,Drums,True,False,False,final_measured_kick_one_shot_invariant,,hit_with_tail,,,1.47,,bulk_screened_third_party_disabled; failures_rerun_enabled_before_fix,no
57,2,one_shot_percussive_sounds/2,82,one_shot_percussive_sounds/2/103362.wav,/mnt/data/perc_v31169_run3/neutral_extract/g02/neutral_g02_00082.wav,Drums/Kick Drums/Generic Kick/One Shots,Drums,True,False,False,final_measured_kick_one_shot_invariant,,solo_phrase,,,1.4,,bulk_screened_third_party_disabled; failures_rerun_enabled_before_fix,no
58,2,one_shot_percussive_sounds/2,83,one_shot_percussive_sounds/2/103365.wav,/mnt/data/perc_v31169_run3/neutral_extract/g02/neutral_g02_00083.wav,Drums/Percussion/Generic Percussion/One Shots,Drums,True,False,False,final_measured_protected_percussive_parent_claim,,single_hit,,,1.26,,bulk_screened_third_party_disabled; failures_rerun_enabled_before_fix,no
59,2,one_shot_percussive_sounds/2,84,one_shot_percussive_sounds/2/103609.wav,/mnt/data/perc_v31169_run3/neutral_extract/g02/neutral_g02_00084.wav,Drums/Snares/Generic Snare/One Shots,Drums,True,False,False,final_measured_protected_percussive_parent_claim,,single_hit,,,1.34,,bulk_screened_third_party_disabled; failures_rerun_enabled_before_fix,no
60,2,one_shot_percussive_sounds/2,85,one_shot_percussive_sounds/2/103610.wav,/mnt/data/perc_v31169_run3/neutral_extract/g02/neutral_g02_00085.wav,Drums/Toms/Generic Tom/One Shots,Drums,True,False,False,final_measured_protected_percussive_parent_claim,,hit_with_tail,,,1.35,,bulk_screened_third_party_disabled; failures_rerun_enabled_before_fix,no
61,3,one_shot_percussive_sounds/3,81,one_shot_percussive_sounds/3/143520.wav,/mnt/data/perc_v31169_run3/neutral_extract/g03/neutral_g03_00081.wav,Drums/Snares/Generic Snare/One Shots,Drums,True,False,False,final_measured_protected_percussive_parent_claim,,single_hit,,,1.4,,bulk_screened_third_party_disabled; failures_rerun_enabled_before_fix,no
62,3,one_shot_percussive_sounds/3,82,one_shot_percussive_sounds/3/143521.wav,/mnt/data/perc_v31169_run3/neutral_extract/g03/neutral_g03_00082.wav,Drums/Snares/Generic Snare/One Shots,Drums,True,False,False,final_measured_protected_percussive_parent_claim,,single_hit,,,1.43,,bulk_screened_third_party_disabled; failures_rerun_enabled_before_fix,no
63,3,one_shot_percussive_sounds/3,83,one_shot_percussive_sounds/3/143522.wav,/mnt/data/perc_v31169_run3/neutral_extract/g03/neutral_g03_00083.wav,Drums/Toms/Generic Tom/One Shots,Drums,True,False,False,final_measured_protected_percussive_parent_claim,,hit_with_tail,,,1.31,,bulk_screened_third_party_disabled; failures_rerun_enabled_before_fix,no
64,3,one_shot_percussive_sounds/3,84,one_shot_percussive_sounds/3/143523.wav,/mnt/data/perc_v31169_run3/neutral_extract/g03/neutral_g03_00084.wav,Drums/Toms/Generic Tom/One Shots,Drums,True,False,False,final_measured_protected_percussive_parent_claim,,hit_with_tail,,,1.31,,bulk_screened_third_party_disabled; failures_rerun_enabled_before_fix,no
65,3,one_shot_percussive_sounds/3,85,one_shot_percussive_sounds/3/143524.wav,/mnt/data/perc_v31169_run3/neutral_extract/g03/neutral_g03_00085.wav,Drums/Snares/Generic Snare/One Shots,Drums,True,False,False,strong_consensus,,single_hit,,,1.34,,bulk_screened_third_party_disabled; failures_rerun_enabled_before_fix,no
66,4,one_shot_percussive_sounds/4,81,one_shot_percussive_sounds/4/203871.wav,/mnt/data/perc_v31169_run3/neutral_extract/g04/neutral_g04_00081.wav,Drums/Toms/Generic Tom/One Shots,Drums,True,False,False,final_protected_percussive_parent_release,,hit_with_tail,,,1.33,,bulk_screened_third_party_disabled; failures_rerun_enabled_before_fix,no
67,4,one_shot_percussive_sounds/4,82,one_shot_percussive_sounds/4/203877.wav,/mnt/data/perc_v31169_run3/neutral_extract/g04/neutral_g04_00082.wav,Drums/Toms/Generic Tom/One Shots,Drums,True,False,False,final_measured_protected_percussive_parent_claim,,solo_phrase,,,0.65,,bulk_screened_third_party_disabled; failures_rerun_enabled_before_fix,no
68,4,one_shot_percussive_sounds/4,83,one_shot_percussive_sounds/4/203880.wav,/mnt/data/perc_v31169_run3/neutral_extract/g04/neutral_g04_00083.wav,Drums/Cymbals/Crash Cymbal/One Shots,Drums,True,False,False,final_weak_review_measured_drums_release,,impact_with_tail,,,1.35,,bulk_screened_third_party_disabled; failures_rerun_enabled_before_fix,no
69,4,one_shot_percussive_sounds/4,84,one_shot_percussive_sounds/4/203887.wav,/mnt/data/perc_v31169_run3/neutral_extract/g04/neutral_g04_00084.wav,Drums/Toms/Generic Tom/One Shots,Drums,True,False,False,final_measured_protected_percussive_parent_claim,,hit_with_tail,,,0.52,,bulk_screened_third_party_disabled; failures_rerun_enabled_before_fix,no
70,4,one_shot_percussive_sounds/4,85,one_shot_percussive_sounds/4/203893.wav,/mnt/data/perc_v31169_run3/neutral_extract/g04/neutral_g04_00085.wav,Drums/Snares/Generic Snare/One Shots,Drums,True,False,False,final_measured_protected_percussive_parent_claim,,echo_tail_hit,,,1.25,,bulk_screened_third_party_disabled; failures_rerun_enabled_before_fix,no
71,5,one_shot_percussive_sounds/5,81,one_shot_percussive_sounds/5/434511.wav,/mnt/data/perc_v31169_run3/neutral_extract/g05/neutral_g05_00081.wav,Drums/Kick Drums/Generic Kick/One Shots,Drums,True,False,False,baby_recall_kick_claim,,hit_with_tail,,,1.36,,bulk_screened_third_party_disabled; failures_rerun_enabled_before_fix,no
72,5,one_shot_percussive_sounds/5,82,one_shot_percussive_sounds/5/434512.wav,/mnt/data/perc_v31169_run3/neutral_extract/g05/neutral_g05_00082.wav,Drums/Percussion/Bells and Metallic Percussion/One Shots,Drums,True,False,False,final_measured_protected_percussive_parent_claim,,hit_with_tail,,,1.51,,bulk_screened_third_party_disabled; failures_rerun_enabled_before_fix,no
73,5,one_shot_percussive_sounds/5,83,one_shot_percussive_sounds/5/434513.wav,/mnt/data/perc_v31169_run3/neutral_extract/g05/neutral_g05_00083.wav,Drums/Percussion/Bells and Metallic Percussion/One Shots,Drums,True,False,False,final_measured_protected_percussive_parent_claim,,single_hit,,,1.31,,bulk_screened_third_party_disabled; failures_rerun_enabled_before_fix,no
74,5,one_shot_percussive_sounds/5,84,one_shot_percussive_sounds/5/434514.wav,/mnt/data/perc_v31169_run3/neutral_extract/g05/neutral_g05_00084.wav,Drums/Rims and Sticks/Generic Rim or Stick/One Shots,Drums,True,False,False,final_protected_percussive_parent_release,,solo_phrase,,,1.28,,bulk_screened_third_party_disabled; failures_rerun_enabled_before_fix,no
75,5,one_shot_percussive_sounds/5,85,one_shot_percussive_sounds/5/434515.wav,/mnt/data/perc_v31169_run3/neutral_extract/g05/neutral_g05_00085.wav,Drums/Kick Drums/Generic Kick/One Shots,Drums,True,False,False,profile_candidate_kick_claim,,hit_with_tail,,,1.35,,bulk_screened_third_party_disabled; failures_rerun_enabled_before_fix,no
76,1,one_shot_percussive_sounds/1,86,one_shot_percussive_sounds/1/13963.wav,/mnt/data/perc_v31169_run3/neutral_extract/g01/neutral_g01_00086.wav,Drums/Toms/Generic Tom/One Shots,Drums,True,False,False,final_measured_protected_percussive_parent_claim,,single_hit,,,1.39,,bulk_screened_third_party_disabled; failures_rerun_enabled_before_fix,no
77,1,one_shot_percussive_sounds/1,87,one_shot_percussive_sounds/1/13964.wav,/mnt/data/perc_v31169_run3/neutral_extract/g01/neutral_g01_00087.wav,Drums/Kick Drums/Generic Kick/One Shots,Drums,True,False,False,final_measured_drum_one_shot_invariant,,single_hit,,,1.4,,bulk_screened_third_party_disabled; failures_rerun_enabled_before_fix,no
78,1,one_shot_percussive_sounds/1,88,one_shot_percussive_sounds/1/13968.wav,/mnt/data/perc_v31169_run3/neutral_extract/g01/neutral_g01_00088.wav,Drums/Percussion/Bells and Metallic Percussion/One Shots,Drums,True,False,False,final_measured_drum_one_shot_invariant,,hit_with_tail,,,1.29,,bulk_screened_third_party_disabled; failures_rerun_enabled_before_fix,no
79,1,one_shot_percussive_sounds/1,89,one_shot_percussive_sounds/1/13969.wav,/mnt/data/perc_v31169_run3/neutral_extract/g01/neutral_g01_00089.wav,Drums/Toms/Generic Tom/One Shots,Drums,True,False,False,final_protected_percussive_parent_release,,single_hit,,,1.33,,bulk_screened_third_party_disabled; failures_rerun_enabled_before_fix,no
80,1,one_shot_percussive_sounds/1,90,one_shot_percussive_sounds/1/13973.wav,/mnt/data/perc_v31169_run3/neutral_extract/g01/neutral_g01_00090.wav,Drums/Rims and Sticks/Generic Rim or Stick/One Shots,Drums,True,False,False,final_protected_percussive_parent_release,,single_hit,,,1.31,,bulk_screened_third_party_disabled; failures_rerun_enabled_before_fix,no
81,2,one_shot_percussive_sounds/2,86,one_shot_percussive_sounds/2/103611.wav,/mnt/data/perc_v31169_run3/neutral_extract/g02/neutral_g02_00086.wav,Drums/Snares/Generic Snare/One Shots,Drums,True,False,False,final_measured_protected_percussive_parent_claim,,single_hit,,,1.35,,bulk_screened_third_party_disabled; failures_rerun_enabled_before_fix,no
82,2,one_shot_percussive_sounds/2,87,one_shot_percussive_sounds/2/103612.wav,/mnt/data/perc_v31169_run3/neutral_extract/g02/neutral_g02_00087.wav,Drums/Percussion/Generic Percussion/One Shots,Drums,True,False,False,final_protected_percussive_parent_release,,single_hit,,,1.4,,bulk_screened_third_party_disabled; failures_rerun_enabled_before_fix,no
83,2,one_shot_percussive_sounds/2,88,one_shot_percussive_sounds/2/103613.wav,/mnt/data/perc_v31169_run3/neutral_extract/g02/neutral_g02_00088.wav,Drums/Percussion/Guiros Scrapes and Rasps/One Shots,Drums,True,False,False,final_measured_protected_percussive_parent_claim,,texture_bed,,,0.56,,bulk_screened_third_party_disabled; failures_rerun_enabled_before_fix,no
84,2,one_shot_percussive_sounds/2,89,one_shot_percussive_sounds/2/103614.wav,/mnt/data/perc_v31169_run3/neutral_extract/g02/neutral_g02_00089.wav,Drums/Kick Drums/Generic Kick/One Shots,Drums,True,False,False,final_measured_kick_one_shot_invariant,,hit_with_tail,,,1.41,,bulk_screened_third_party_disabled; failures_rerun_enabled_before_fix,no
85,2,one_shot_percussive_sounds/2,90,one_shot_percussive_sounds/2/103618.wav,/mnt/data/perc_v31169_run3/neutral_extract/g02/neutral_g02_00090.wav,Drums/Kick Drums/Generic Kick/One Shots,Drums,True,False,False,final_measured_kick_one_shot_invariant,,bass_phrase,,,0.63,,bulk_screened_third_party_disabled; failures_rerun_enabled_before_fix,no
86,3,one_shot_percussive_sounds/3,86,one_shot_percussive_sounds/3/143525.wav,/mnt/data/perc_v31169_run3/neutral_extract/g03/neutral_g03_00086.wav,Drums/Toms/Generic Tom/One Shots,Drums,True,False,False,final_measured_protected_percussive_parent_claim,,single_hit,,,1.3,,bulk_screened_third_party_disabled; failures_rerun_enabled_before_fix,no
87,3,one_shot_percussive_sounds/3,87,one_shot_percussive_sounds/3/143526.wav,/mnt/data/perc_v31169_run3/neutral_extract/g03/neutral_g03_00087.wav,Drums/Toms/Generic Tom/One Shots,Drums,True,False,False,final_measured_protected_percussive_parent_claim,,single_hit,,,1.43,,bulk_screened_third_party_disabled; failures_rerun_enabled_before_fix,no
88,3,one_shot_percussive_sounds/3,88,one_shot_percussive_sounds/3/143527.wav,/mnt/data/perc_v31169_run3/neutral_extract/g03/neutral_g03_00088.wav,Drums/Toms/Generic Tom/One Shots,Drums,True,False,False,final_measured_protected_percussive_parent_claim,,hit_with_tail,,,1.21,,bulk_screened_third_party_disabled; failures_rerun_enabled_before_fix,no
89,3,one_shot_percussive_sounds/3,89,one_shot_percussive_sounds/3/143528.wav,/mnt/data/perc_v31169_run3/neutral_extract/g03/neutral_g03_00089.wav,Drums/Toms/Generic Tom/One Shots,Drums,True,False,False,final_measured_protected_percussive_parent_claim,,single_hit,,,0.54,,bulk_screened_third_party_disabled; failures_rerun_enabled_before_fix,no
90,3,one_shot_percussive_sounds/3,90,one_shot_percussive_sounds/3/143539.wav,/mnt/data/perc_v31169_run3/neutral_extract/g03/neutral_g03_00090.wav,Drums/Rims and Sticks/Rimshot/One Shots,Drums,True,False,False,strong_consensus,,single_hit,,,0.6,,bulk_screened_third_party_disabled; failures_rerun_enabled_before_fix,no
91,4,one_shot_percussive_sounds/4,86,one_shot_percussive_sounds/4/203995.wav,/mnt/data/perc_v31169_run3/neutral_extract/g04/neutral_g04_00086.wav,Drums/Kick Drums/Generic Kick/One Shots,Drums,True,False,False,profile_candidate_kick_claim,,hit_with_tail,,,1.32,,bulk_screened_third_party_disabled; failures_rerun_enabled_before_fix,no
92,4,one_shot_percussive_sounds/4,87,one_shot_percussive_sounds/4/204623.wav,/mnt/data/perc_v31169_run3/neutral_extract/g04/neutral_g04_00087.wav,Drums/Percussion/Bells and Metallic Percussion/One Shots,Drums,True,False,False,final_measured_drum_one_shot_invariant,,single_hit,,,1.44,,bulk_screened_third_party_disabled; failures_rerun_enabled_before_fix,no
93,4,one_shot_percussive_sounds/4,88,one_shot_percussive_sounds/4/204624.wav,/mnt/data/perc_v31169_run3/neutral_extract/g04/neutral_g04_00088.wav,Drums/Kick Drums/Generic Kick/One Shots,Drums,True,False,False,final_measured_kick_one_shot_invariant,,hit_with_tail,,,1.36,,bulk_screened_third_party_disabled; failures_rerun_enabled_before_fix,no
94,4,one_shot_percussive_sounds/4,89,one_shot_percussive_sounds/4/204625.wav,/mnt/data/perc_v31169_run3/neutral_extract/g04/neutral_g04_00089.wav,Drums/Percussion/Bells and Metallic Percussion/One Shots,Drums,True,False,False,final_measured_drum_one_shot_invariant,,hit_with_tail,,,1.34,,bulk_screened_third_party_disabled; failures_rerun_enabled_before_fix,no
95,4,one_shot_percussive_sounds/4,90,one_shot_percussive_sounds/4/204626.wav,/mnt/data/perc_v31169_run3/neutral_extract/g04/neutral_g04_00090.wav,Drums/Percussion/Generic Percussion/One Shots,Drums,True,False,False,final_protected_percussive_parent_release,,solo_phrase,,,1.29,,bulk_screened_third_party_disabled; failures_rerun_enabled_before_fix,no
96,5,one_shot_percussive_sounds/5,86,one_shot_percussive_sounds/5/434517.wav,/mnt/data/perc_v31169_run3/neutral_extract/g05/neutral_g05_00086.wav,Drums/Toms/Generic Tom/One Shots,Drums,True,False,False,final_measured_protected_percussive_parent_claim,,hit_with_tail,,,1.29,,bulk_screened_third_party_disabled; failures_rerun_enabled_before_fix,no
97,5,one_shot_percussive_sounds/5,87,one_shot_percussive_sounds/5/434518.wav,/mnt/data/perc_v31169_run3/neutral_extract/g05/neutral_g05_00087.wav,Drums/Toms/Generic Tom/One Shots,Drums,True,False,False,final_protected_percussive_parent_release,,hit_with_tail,,,1.35,,bulk_screened_third_party_disabled; failures_rerun_enabled_before_fix,no
98,5,one_shot_percussive_sounds/5,88,one_shot_percussive_sounds/5/434519.wav,/mnt/data/perc_v31169_run3/neutral_extract/g05/neutral_g05_00088.wav,Drums/Snares/Acoustic Snare/One Shots,Drums,True,False,False,final_measured_drum_one_shot_invariant,,single_hit,,,1.23,,bulk_screened_third_party_disabled; failures_rerun_enabled_before_fix,no
99,5,one_shot_percussive_sounds/5,89,one_shot_percussive_sounds/5/434521.wav,/mnt/data/perc_v31169_run3/neutral_extract/g05/neutral_g05_00089.wav,Drums/Rims and Sticks/Generic Rim or Stick/One Shots,Drums,True,False,False,final_measured_protected_percussive_parent_claim,,single_hit,,,1.27,,bulk_screened_third_party_disabled; failures_rerun_enabled_before_fix,no
100,5,one_shot_percussive_sounds/5,90,one_shot_percussive_sounds/5/434522.wav,/mnt/data/perc_v31169_run3/neutral_extract/g05/neutral_g05_00090.wav,Drums/Kick Drums/Generic Kick/One Shots,Drums,True,False,False,final_measured_kick_one_shot_invariant,,hit_with_tail,,,1.29,,bulk_screened_third_party_disabled; failures_rerun_enabled_before_fix,no
101,1,one_shot_percussive_sounds/1,91,one_shot_percussive_sounds/1/13978.wav,/mnt/data/perc_v31169_run3/neutral_extract/g01/neutral_g01_00091.wav,Drums/Toms/Generic Tom/One Shots,Drums,True,False,False,final_measured_protected_percussive_parent_claim,,hit_with_tail,,,1.39,,bulk_screened_third_party_disabled; failures_rerun_enabled_before_fix,no
102,1,one_shot_percussive_sounds/1,92,one_shot_percussive_sounds/1/13979.wav,/mnt/data/perc_v31169_run3/neutral_extract/g01/neutral_g01_00092.wav,Drums/Rims and Sticks/Rimshot/One Shots,Drums,True,False,False,strong_consensus,,single_hit,,,0.68,,bulk_screened_third_party_disabled; failures_rerun_enabled_before_fix,no
103,1,one_shot_percussive_sounds/1,93,one_shot_percussive_sounds/1/13980.wav,/mnt/data/perc_v31169_run3/neutral_extract/g01/neutral_g01_00093.wav,Drums/Toms/Generic Tom/One Shots,Drums,True,False,False,final_measured_protected_percussive_parent_claim,,single_hit,,,1.32,,bulk_screened_third_party_disabled; failures_rerun_enabled_before_fix,no
104,1,one_shot_percussive_sounds/1,94,one_shot_percussive_sounds/1/13981.wav,/mnt/data/perc_v31169_run3/neutral_extract/g01/neutral_g01_00094.wav,Drums/Toms/Generic Tom/One Shots,Drums,True,False,False,final_measured_protected_percussive_parent_claim,,single_hit,,,1.38,,bulk_screened_third_party_disabled; failures_rerun_enabled_before_fix,no
105,1,one_shot_percussive_sounds/1,95,one_shot_percussive_sounds/1/13982.wav,/mnt/data/perc_v31169_run3/neutral_extract/g01/neutral_g01_00095.wav,Drums/Toms/Generic Tom/One Shots,Drums,True,False,False,final_measured_protected_percussive_parent_claim,,single_hit,,,1.29,,bulk_screened_third_party_disabled; failures_rerun_enabled_before_fix,no
106,2,one_shot_percussive_sounds/2,91,one_shot_percussive_sounds/2/103619.wav,/mnt/data/perc_v31169_run3/neutral_extract/g02/neutral_g02_00091.wav,Drums/Toms/Generic Tom/One Shots,Drums,True,False,False,final_measured_protected_percussive_parent_claim,,echo_tail_hit,,,1.3,,bulk_screened_third_party_disabled; failures_rerun_enabled_before_fix,no
107,2,one_shot_percussive_sounds/2,92,one_shot_percussive_sounds/2/103621.wav,/mnt/data/perc_v31169_run3/neutral_extract/g02/neutral_g02_00092.wav,Drums/Toms/Generic Tom/One Shots,Drums,True,False,False,final_measured_protected_percussive_parent_claim,,hit_with_tail,,,1.51,,bulk_screened_third_party_disabled; failures_rerun_enabled_before_fix,no
108,2,one_shot_percussive_sounds/2,93,one_shot_percussive_sounds/2/103622.wav,/mnt/data/perc_v31169_run3/neutral_extract/g02/neutral_g02_00093.wav,Drums/Snares/Generic Snare/One Shots,Drums,True,False,False,final_measured_protected_percussive_parent_claim,,single_hit,,,1.3,,bulk_screened_third_party_disabled; failures_rerun_enabled_before_fix,no
109,2,one_shot_percussive_sounds/2,94,one_shot_percussive_sounds/2/103623.wav,/mnt/data/perc_v31169_run3/neutral_extract/g02/neutral_g02_00094.wav,Drums/Kick Drums/Generic Kick/One Shots,Drums,True,False,False,profile_candidate_kick_claim,,hit_with_tail,,,1.31,,bulk_screened_third_party_disabled; failures_rerun_enabled_before_fix,no
110,2,one_shot_percussive_sounds/2,95,one_shot_percussive_sounds/2/103624.wav,/mnt/data/perc_v31169_run3/neutral_extract/g02/neutral_g02_00095.wav,Drums/Snares/Generic Snare/One Shots,Drums,True,False,False,strong_consensus,,echo_tail_hit,,,1.33,,bulk_screened_third_party_disabled; failures_rerun_enabled_before_fix,no
111,3,one_shot_percussive_sounds/3,91,one_shot_percussive_sounds/3/143540.wav,/mnt/data/perc_v31169_run3/neutral_extract/g03/neutral_g03_00091.wav,Drums/Percussion/Bells and Metallic Percussion/One Shots,Drums,True,False,False,final_measured_protected_percussive_parent_claim,,hit_with_tail,,,1.39,,bulk_screened_third_party_disabled; failures_rerun_enabled_before_fix,no
112,3,one_shot_percussive_sounds/3,92,one_shot_percussive_sounds/3/143541.wav,/mnt/data/perc_v31169_run3/neutral_extract/g03/neutral_g03_00092.wav,Drums/Percussion/Bells and Metallic Percussion/One Shots,Drums,True,False,False,final_decisive_struck_percussion_parent_invariant,,hit_with_tail,,,1.46,,bulk_screened_third_party_disabled; failures_rerun_enabled_before_fix,no
113,3,one_shot_percussive_sounds/3,93,one_shot_percussive_sounds/3/143542.wav,/mnt/data/perc_v31169_run3/neutral_extract/g03/neutral_g03_00093.wav,Drums/World Percussion/Latin Percussion/Conga/One Shots,Drums,True,False,False,final_weak_review_measured_drums_release,,single_hit,,,0.53,,bulk_screened_third_party_disabled; failures_rerun_enabled_before_fix,no
114,3,one_shot_percussive_sounds/3,94,one_shot_percussive_sounds/3/143543.wav,/mnt/data/perc_v31169_run3/neutral_extract/g03/neutral_g03_00094.wav,Drums/Toms/Generic Tom/One Shots,Drums,True,False,False,final_decisive_struck_percussion_parent_invariant,,single_hit,,,1.36,,bulk_screened_third_party_disabled; failures_rerun_enabled_before_fix,no
115,3,one_shot_percussive_sounds/3,95,one_shot_percussive_sounds/3/143544.wav,/mnt/data/perc_v31169_run3/neutral_extract/g03/neutral_g03_00095.wav,Drums/Toms/Generic Tom/One Shots,Drums,True,False,False,final_measured_protected_percussive_parent_claim,,single_hit,,,1.43,,bulk_screened_third_party_disabled; failures_rerun_enabled_before_fix,no
116,4,one_shot_percussive_sounds/4,91,one_shot_percussive_sounds/4/204627.wav,/mnt/data/perc_v31169_run3/neutral_extract/g04/neutral_g04_00091.wav,Drums/Kick Drums/Generic Kick/One Shots,Drums,True,False,False,final_measured_kick_one_shot_invariant,,hit_with_tail,,,1.37,,bulk_screened_third_party_disabled; failures_rerun_enabled_before_fix,no
117,4,one_shot_percussive_sounds/4,92,one_shot_percussive_sounds/4/204629.wav,/mnt/data/perc_v31169_run3/neutral_extract/g04/neutral_g04_00092.wav,Drums/Kick Drums/Generic Kick/One Shots,Drums,True,False,False,percussive_one_shot_parent_firewall,,hit_with_tail,,,1.32,,bulk_screened_third_party_disabled; failures_rerun_enabled_before_fix,no
118,4,one_shot_percussive_sounds/4,93,one_shot_percussive_sounds/4/204630.wav,/mnt/data/perc_v31169_run3/neutral_extract/g04/neutral_g04_00093.wav,Drums/Kick Drums/Short Kick/One Shots,Drums,True,False,False,final_weak_review_measured_drums_release,,solo_phrase,,,1.26,,bulk_screened_third_party_disabled; failures_rerun_enabled_before_fix,no
119,4,one_shot_percussive_sounds/4,94,one_shot_percussive_sounds/4/204631.wav,/mnt/data/perc_v31169_run3/neutral_extract/g04/neutral_g04_00094.wav,Drums/Kick Drums/Generic Kick/One Shots,Drums,True,False,False,profile_candidate_kick_claim,,hit_with_tail,,,1.28,,bulk_screened_third_party_disabled; failures_rerun_enabled_before_fix,no
120,4,one_shot_percussive_sounds/4,95,one_shot_percussive_sounds/4/204632.wav,/mnt/data/perc_v31169_run3/neutral_extract/g04/neutral_g04_00095.wav,Drums/Kick Drums/Generic Kick/One Shots,Drums,True,False,False,final_weak_review_measured_drums_release,,solo_phrase,,,1.25,,bulk_screened_third_party_disabled; failures_rerun_enabled_before_fix,no
121,5,one_shot_percussive_sounds/5,91,one_shot_percussive_sounds/5/434705.wav,/mnt/data/perc_v31169_run3/neutral_extract/g05/neutral_g05_00091.wav,Drums/Kick Drums/Generic Kick/One Shots,Drums,True,False,False,final_measured_kick_one_shot_invariant,,hit_with_tail,,,1.35,,bulk_screened_third_party_disabled; failures_rerun_enabled_before_fix,no
122,5,one_shot_percussive_sounds/5,92,one_shot_percussive_sounds/5/434857.wav,/mnt/data/perc_v31169_run3/neutral_extract/g05/neutral_g05_00092.wav,Drums/Rims and Sticks/Generic Rim or Stick/One Shots,Drums,True,False,False,final_measured_drum_one_shot_invariant,,single_hit,,,1.39,,bulk_screened_third_party_disabled; failures_rerun_enabled_before_fix,no
123,5,one_shot_percussive_sounds/5,93,one_shot_percussive_sounds/5/434861.wav,/mnt/data/perc_v31169_run3/neutral_extract/g05/neutral_g05_00093.wav,Drums/Toms/Generic Tom/One Shots,Drums,True,False,False,final_measured_protected_percussive_parent_claim,,hit_with_tail,,,1.31,,bulk_screened_third_party_disabled; failures_rerun_enabled_before_fix,no
124,5,one_shot_percussive_sounds/5,94,one_shot_percussive_sounds/5/435034.wav,/mnt/data/perc_v31169_run3/neutral_extract/g05/neutral_g05_00094.wav,Drums/Snares/Generic Snare/One Shots,Drums,True,False,False,final_measured_protected_percussive_parent_claim,,single_hit,,,1.28,,bulk_screened_third_party_disabled; failures_rerun_enabled_before_fix,no
125,5,one_shot_percussive_sounds/5,95,one_shot_percussive_sounds/5/435035.wav,/mnt/data/perc_v31169_run3/neutral_extract/g05/neutral_g05_00095.wav,Drums/Rims and Sticks/Generic Rim or Stick/One Shots,Drums,True,False,False,final_measured_protected_percussive_parent_claim,,single_hit,,,0.5,,bulk_screened_third_party_disabled; failures_rerun_enabled_before_fix,no
126,1,one_shot_percussive_sounds/1,96,one_shot_percussive_sounds/1/13985.wav,/mnt/data/perc_v31169_run3/neutral_extract/g01/neutral_g01_00096.wav,Drums/Rims and Sticks/Generic Rim or Stick/One Shots,Drums,True,False,False,final_decisive_struck_percussion_parent_invariant,,hit_with_tail,,,1.36,,bulk_screened_third_party_disabled; failures_rerun_enabled_before_fix,no
127,1,one_shot_percussive_sounds/1,97,one_shot_percussive_sounds/1/13986.wav,/mnt/data/perc_v31169_run3/neutral_extract/g01/neutral_g01_00097.wav,Drums/Toms/Generic Tom/One Shots,Drums,True,False,False,final_measured_protected_percussive_parent_claim,,hit_with_tail,,,1.46,,bulk_screened_third_party_disabled; failures_rerun_enabled_before_fix,no
128,1,one_shot_percussive_sounds/1,98,one_shot_percussive_sounds/1/13987.wav,/mnt/data/perc_v31169_run3/neutral_extract/g01/neutral_g01_00098.wav,Drums/Toms/Generic Tom/One Shots,Drums,True,False,False,final_protected_percussive_parent_release,,solo_phrase,,,1.41,,bulk_screened_third_party_disabled; failures_rerun_enabled_before_fix,no
129,1,one_shot_percussive_sounds/1,99,one_shot_percussive_sounds/1/13988.wav,/mnt/data/perc_v31169_run3/neutral_extract/g01/neutral_g01_00099.wav,Drums/Toms/Generic Tom/One Shots,Drums,True,False,False,final_measured_protected_percussive_parent_claim,,single_hit,,,1.32,,bulk_screened_third_party_disabled; failures_rerun_enabled_before_fix,no
130,1,one_shot_percussive_sounds/1,100,one_shot_percussive_sounds/1/13989.wav,/mnt/data/perc_v31169_run3/neutral_extract/g01/neutral_g01_00100.wav,Drums/Toms/Generic Tom/One Shots,Drums,True,False,False,final_protected_percussive_parent_release,,hit_with_tail,,,1.34,,bulk_screened_third_party_disabled; failures_rerun_enabled_before_fix,no
131,2,one_shot_percussive_sounds/2,96,one_shot_percussive_sounds/2/103628.wav,/mnt/data/perc_v31169_run3/neutral_extract/g02/neutral_g02_00096.wav,Drums/Rims and Sticks/Generic Rim or Stick/One Shots,Drums,True,False,False,final_decisive_struck_percussion_parent_invariant,,hit_with_tail,,,0.58,,bulk_screened_third_party_disabled; failures_rerun_enabled_before_fix,no
132,2,one_shot_percussive_sounds/2,97,one_shot_percussive_sounds/2/103629.wav,/mnt/data/perc_v31169_run3/neutral_extract/g02/neutral_g02_00097.wav,Drums/Rims and Sticks/Generic Rim or Stick/One Shots,Drums,True,False,False,final_decisive_struck_percussion_parent_invariant,,pitched_repetition_phrase,,,1.57,,bulk_screened_third_party_disabled; failures_rerun_enabled_before_fix,no
133,2,one_shot_percussive_sounds/2,98,one_shot_percussive_sounds/2/103630.wav,/mnt/data/perc_v31169_run3/neutral_extract/g02/neutral_g02_00098.wav,Drums/Percussion/Bells and Metallic Percussion/One Shots,Drums,True,False,False,final_decisive_struck_percussion_parent_invariant,,hit_with_tail,,,1.35,,bulk_screened_third_party_disabled; failures_rerun_enabled_before_fix,no
134,2,one_shot_percussive_sounds/2,99,one_shot_percussive_sounds/2/103631.wav,/mnt/data/perc_v31169_run3/neutral_extract/g02/neutral_g02_00099.wav,Drums/Percussion/Generic Percussion/One Shots,Drums,True,False,False,percussive_one_shot_parent_firewall,,hit_with_tail,,,1.36,,bulk_screened_third_party_disabled; failures_rerun_enabled_before_fix,no
135,2,one_shot_percussive_sounds/2,100,one_shot_percussive_sounds/2/103632.wav,/mnt/data/perc_v31169_run3/neutral_extract/g02/neutral_g02_00100.wav,Drums/Percussion/Generic Percussion/One Shots,Drums,True,False,False,final_measured_drum_one_shot_invariant,,hit_with_tail,,,1.37,,bulk_screened_third_party_disabled; failures_rerun_enabled_before_fix,no
136,3,one_shot_percussive_sounds/3,96,one_shot_percussive_sounds/3/143545.wav,/mnt/data/perc_v31169_run3/neutral_extract/g03/neutral_g03_00096.wav,Drums/Rims and Sticks/Rimshot/One Shots,Drums,True,False,False,final_weak_review_measured_drums_release,,single_hit,,,0.58,,bulk_screened_third_party_disabled; failures_rerun_enabled_before_fix,no
137,3,one_shot_percussive_sounds/3,97,one_shot_percussive_sounds/3/143546.wav,/mnt/data/perc_v31169_run3/neutral_extract/g03/neutral_g03_00097.wav,Drums/Rims and Sticks/Generic Rim or Stick/One Shots,Drums,True,False,False,final_measured_protected_percussive_parent_claim,,single_hit,,,0.67,,bulk_screened_third_party_disabled; failures_rerun_enabled_before_fix,no
138,3,one_shot_percussive_sounds/3,98,one_shot_percussive_sounds/3/143547.wav,/mnt/data/perc_v31169_run3/neutral_extract/g03/neutral_g03_00098.wav,Drums/Toms/Generic Tom/One Shots,Drums,True,False,False,final_measured_protected_percussive_parent_claim,,hit_with_tail,,,1.32,,bulk_screened_third_party_disabled; failures_rerun_enabled_before_fix,no
139,3,one_shot_percussive_sounds/3,99,one_shot_percussive_sounds/3/143548.wav,/mnt/data/perc_v31169_run3/neutral_extract/g03/neutral_g03_00099.wav,Drums/Toms/Generic Tom/One Shots,Drums,True,False,False,final_measured_protected_percussive_parent_claim,,single_hit,,,1.43,,bulk_screened_third_party_disabled; failures_rerun_enabled_before_fix,no
140,3,one_shot_percussive_sounds/3,100,one_shot_percussive_sounds/3/143549.wav,/mnt/data/perc_v31169_run3/neutral_extract/g03/neutral_g03_00100.wav,Drums/Toms/Generic Tom/One Shots,Drums,True,False,False,final_measured_protected_percussive_parent_claim,,single_hit,,,0.59,,bulk_screened_third_party_disabled; failures_rerun_enabled_before_fix,no
141,4,one_shot_percussive_sounds/4,96,one_shot_percussive_sounds/4/204633.wav,/mnt/data/perc_v31169_run3/neutral_extract/g04/neutral_g04_00096.wav,Drums/Toms/Floor Tom/One Shots,Drums,True,False,False,final_measured_drum_one_shot_invariant,,hit_with_tail,,,1.41,,bulk_screened_third_party_disabled; failures_rerun_enabled_before_fix,no
142,4,one_shot_percussive_sounds/4,97,one_shot_percussive_sounds/4/204634.wav,/mnt/data/perc_v31169_run3/neutral_extract/g04/neutral_g04_00097.wav,Drums/Percussion/Bells and Metallic Percussion/One Shots,Drums,True,False,False,final_measured_drum_one_shot_invariant,,hit_with_tail,,,1.49,,bulk_screened_third_party_disabled; failures_rerun_enabled_before_fix,no
143,4,one_shot_percussive_sounds/4,98,one_shot_percussive_sounds/4/204635.wav,/mnt/data/perc_v31169_run3/neutral_extract/g04/neutral_g04_00098.wav,Drums/Toms/Floor Tom/One Shots,Drums,True,False,False,final_measured_drum_one_shot_invariant,,hit_with_tail,,,1.41,,bulk_screened_third_party_disabled; failures_rerun_enabled_before_fix,no
144,4,one_shot_percussive_sounds/4,99,one_shot_percussive_sounds/4/204636.wav,/mnt/data/perc_v31169_run3/neutral_extract/g04/neutral_g04_00099.wav,Drums/Percussion/Bells and Metallic Percussion/One Shots,Drums,True,False,False,final_protected_percussive_parent_release,,solo_phrase,,,1.47,,bulk_screened_third_party_disabled; failures_rerun_enabled_before_fix,no
145,4,one_shot_percussive_sounds/4,100,one_shot_percussive_sounds/4/204637.wav,/mnt/data/perc_v31169_run3/neutral_extract/g04/neutral_g04_00100.wav,Drums/Toms/Floor Tom/One Shots,Drums,True,False,False,final_measured_drum_one_shot_invariant,,hit_with_tail,,,1.32,,bulk_screened_third_party_disabled; failures_rerun_enabled_before_fix,no
146,5,one_shot_percussive_sounds/5,96,one_shot_percussive_sounds/5/435036.wav,/mnt/data/perc_v31169_run3/neutral_extract/g05/neutral_g05_00096.wav,Drums/Toms/Floor Tom/One Shots,Drums,True,False,False,final_measured_drum_one_shot_invariant,,single_hit,,,1.27,,bulk_screened_third_party_disabled; failures_rerun_enabled_before_fix,no
147,5,one_shot_percussive_sounds/5,97,one_shot_percussive_sounds/5/435041.wav,/mnt/data/perc_v31169_run3/neutral_extract/g05/neutral_g05_00097.wav,Drums/Snares/Generic Snare/One Shots,Drums,True,False,False,final_measured_protected_percussive_parent_claim,,single_hit,,,1.38,,bulk_screened_third_party_disabled; failures_rerun_enabled_before_fix,no
148,5,one_shot_percussive_sounds/5,98,one_shot_percussive_sounds/5/435042.wav,/mnt/data/perc_v31169_run3/neutral_extract/g05/neutral_g05_00098.wav,Drums/Snares/Generic Snare/One Shots,Drums,True,False,False,final_measured_protected_percussive_parent_claim,,single_hit,,,1.29,,bulk_screened_third_party_disabled; failures_rerun_enabled_before_fix,no
149,5,one_shot_percussive_sounds/5,99,one_shot_percussive_sounds/5/435043.wav,/mnt/data/perc_v31169_run3/neutral_extract/g05/neutral_g05_00099.wav,Drums/Toms/Generic Tom/One Shots,Drums,True,False,False,final_measured_protected_percussive_parent_claim,,single_hit,,,1.4,,bulk_screened_third_party_disabled; failures_rerun_enabled_before_fix,no
150,5,one_shot_percussive_sounds/5,100,one_shot_percussive_sounds/5/435389.wav,/mnt/data/perc_v31169_run3/neutral_extract/g05/neutral_g05_00100.wav,Drums/Toms/Floor Tom/One Shots,Drums,True,False,False,final_measured_drum_one_shot_invariant,,single_hit,,,1.39,,bulk_screened_third_party_disabled; failures_rerun_enabled_before_fix,no
151,1,one_shot_percussive_sounds/1,101,one_shot_percussive_sounds/1/13990.wav,/mnt/data/perc_v31169_run3/neutral_extract/g01/neutral_g01_00101.wav,Drums/Rims and Sticks/Generic Rim or Stick/One Shots,Drums,True,False,False,final_measured_protected_percussive_parent_claim,,single_hit,,,1.39,,bulk_screened_third_party_disabled; failures_rerun_enabled_before_fix,no
152,1,one_shot_percussive_sounds/1,102,one_shot_percussive_sounds/1/13995.wav,/mnt/data/perc_v31169_run3/neutral_extract/g01/neutral_g01_00102.wav,Drums/Toms/Generic Tom/One Shots,Drums,True,False,False,final_measured_protected_percussive_parent_claim,,single_hit,,,1.5,,bulk_screened_third_party_disabled; failures_rerun_enabled_before_fix,no
153,1,one_shot_percussive_sounds/1,103,one_shot_percussive_sounds/1/13996.wav,/mnt/data/perc_v31169_run3/neutral_extract/g01/neutral_g01_00103.wav,Drums/Toms/Generic Tom/One Shots,Drums,True,False,False,final_measured_protected_percussive_parent_claim,,single_hit,,,1.37,,bulk_screened_third_party_disabled; failures_rerun_enabled_before_fix,no
154,1,one_shot_percussive_sounds/1,104,one_shot_percussive_sounds/1/13998.wav,/mnt/data/perc_v31169_run3/neutral_extract/g01/neutral_g01_00104.wav,Drums/Snares/Generic Snare/One Shots,Drums,True,False,False,final_measured_protected_percussive_parent_claim,,single_hit,,,1.27,,bulk_screened_third_party_disabled; failures_rerun_enabled_before_fix,no
155,1,one_shot_percussive_sounds/1,105,one_shot_percussive_sounds/1/14000.wav,/mnt/data/perc_v31169_run3/neutral_extract/g01/neutral_g01_00105.wav,Drums/Toms/Generic Tom/One Shots,Drums,True,False,False,final_measured_protected_percussive_parent_claim,,single_hit,,,1.27,,bulk_screened_third_party_disabled; failures_rerun_enabled_before_fix,no
156,2,one_shot_percussive_sounds/2,101,one_shot_percussive_sounds/2/104122.wav,/mnt/data/perc_v31169_run3/neutral_extract/g02/neutral_g02_00101.wav,Drums/Kick Drums/Generic Kick/One Shots,Drums,True,False,False,final_measured_kick_one_shot_invariant,,hit_with_tail,,,1.38,,bulk_screened_third_party_disabled; failures_rerun_enabled_before_fix,no
157,2,one_shot_percussive_sounds/2,102,one_shot_percussive_sounds/2/104188.wav,/mnt/data/perc_v31169_run3/neutral_extract/g02/neutral_g02_00102.wav,Drums/Toms/Generic Tom/One Shots,Drums,True,False,False,final_measured_protected_percussive_parent_claim,,single_hit,,,1.39,,bulk_screened_third_party_disabled; failures_rerun_enabled_before_fix,no
158,2,one_shot_percussive_sounds/2,103,one_shot_percussive_sounds/2/104221.wav,/mnt/data/perc_v31169_run3/neutral_extract/g02/neutral_g02_00103.wav,Drums/Snares/Generic Snare/One Shots,Drums,True,False,False,final_measured_protected_percussive_parent_claim,,single_hit,,,1.26,,bulk_screened_third_party_disabled; failures_rerun_enabled_before_fix,no
159,2,one_shot_percussive_sounds/2,104,one_shot_percussive_sounds/2/104222.wav,/mnt/data/perc_v31169_run3/neutral_extract/g02/neutral_g02_00104.wav,Drums/Snares/Generic Snare/One Shots,Drums,True,False,False,final_measured_protected_percussive_parent_claim,,single_hit,,,1.31,,bulk_screened_third_party_disabled; failures_rerun_enabled_before_fix,no
160,2,one_shot_percussive_sounds/2,105,one_shot_percussive_sounds/2/104223.wav,/mnt/data/perc_v31169_run3/neutral_extract/g02/neutral_g02_00105.wav,Drums/Snares/Generic Snare/One Shots,Drums,True,False,False,final_measured_protected_percussive_parent_claim,,single_hit,,,1.32,,bulk_screened_third_party_disabled; failures_rerun_enabled_before_fix,no
161,3,one_shot_percussive_sounds/3,101,one_shot_percussive_sounds/3/143550.wav,/mnt/data/perc_v31169_run3/neutral_extract/g03/neutral_g03_00101.wav,Drums/Toms/Generic Tom/One Shots,Drums,True,False,False,final_measured_protected_percussive_parent_claim,,single_hit,,,1.37,,bulk_screened_third_party_disabled; failures_rerun_enabled_before_fix,no
162,3,one_shot_percussive_sounds/3,102,one_shot_percussive_sounds/3/143551.wav,/mnt/data/perc_v31169_run3/neutral_extract/g03/neutral_g03_00102.wav,Drums/Percussion/Generic Percussion/One Shots,Drums,True,False,False,final_measured_protected_percussive_parent_claim,,single_hit,,,0.64,,bulk_screened_third_party_disabled; failures_rerun_enabled_before_fix,no
163,3,one_shot_percussive_sounds/3,103,one_shot_percussive_sounds/3/143552.wav,/mnt/data/perc_v31169_run3/neutral_extract/g03/neutral_g03_00103.wav,Drums/Toms/Generic Tom/One Shots,Drums,True,False,False,final_measured_protected_percussive_parent_claim,,single_hit,,,1.31,,bulk_screened_third_party_disabled; failures_rerun_enabled_before_fix,no
164,3,one_shot_percussive_sounds/3,104,one_shot_percussive_sounds/3/143553.wav,/mnt/data/perc_v31169_run3/neutral_extract/g03/neutral_g03_00104.wav,Drums/Toms/Generic Tom/One Shots,Drums,True,False,False,final_measured_protected_percussive_parent_claim,,single_hit,,,1.34,,bulk_screened_third_party_disabled; failures_rerun_enabled_before_fix,no
165,3,one_shot_percussive_sounds/3,105,one_shot_percussive_sounds/3/143554.wav,/mnt/data/perc_v31169_run3/neutral_extract/g03/neutral_g03_00105.wav,Drums/Toms/Generic Tom/One Shots,Drums,True,False,False,final_measured_protected_percussive_parent_claim,,single_hit,,,0.56,,bulk_screened_third_party_disabled; failures_rerun_enabled_before_fix,no
166,4,one_shot_percussive_sounds/4,101,one_shot_percussive_sounds/4/204638.wav,/mnt/data/perc_v31169_run3/neutral_extract/g04/neutral_g04_00101.wav,Drums/Toms/Floor Tom/One Shots,Drums,True,False,False,final_measured_drum_one_shot_invariant,,ui_blip,,,1.37,,bulk_screened_third_party_disabled; failures_rerun_enabled_before_fix,no
167,4,one_shot_percussive_sounds/4,102,one_shot_percussive_sounds/4/204639.wav,/mnt/data/perc_v31169_run3/neutral_extract/g04/neutral_g04_00102.wav,Drums/Percussion/Bells and Metallic Percussion/One Shots,Drums,True,False,False,final_measured_drum_one_shot_invariant,,hit_with_tail,,,1.41,,bulk_screened_third_party_disabled; failures_rerun_enabled_before_fix,no
168,4,one_shot_percussive_sounds/4,103,one_shot_percussive_sounds/4/204640.wav,/mnt/data/perc_v31169_run3/neutral_extract/g04/neutral_g04_00103.wav,Drums/Kick Drums/Generic Kick/One Shots,Drums,True,False,False,final_measured_kick_one_shot_invariant,,hit_with_tail,,,1.37,,bulk_screened_third_party_disabled; failures_rerun_enabled_before_fix,no
169,4,one_shot_percussive_sounds/4,104,one_shot_percussive_sounds/4/204641.wav,/mnt/data/perc_v31169_run3/neutral_extract/g04/neutral_g04_00104.wav,Drums/Kick Drums/Generic Kick/One Shots,Drums,True,False,False,final_weak_review_measured_drums_release,,hit_with_tail,,,1.32,,bulk_screened_third_party_disabled; failures_rerun_enabled_before_fix,no
170,4,one_shot_percussive_sounds/4,105,one_shot_percussive_sounds/4/204642.wav,/mnt/data/perc_v31169_run3/neutral_extract/g04/neutral_g04_00105.wav,Drums/Kick Drums/Generic Kick/One Shots,Drums,True,False,False,final_weak_review_measured_drums_release,,hit_with_tail,,,1.3,,bulk_screened_third_party_disabled; failures_rerun_enabled_before_fix,no
171,5,one_shot_percussive_sounds/5,101,one_shot_percussive_sounds/5/435694.wav,/mnt/data/perc_v31169_run3/neutral_extract/g05/neutral_g05_00101.wav,Drums/Kick Drums/Generic Kick/One Shots,Drums,True,False,False,final_measured_kick_one_shot_invariant,,single_hit,,,1.4,,bulk_screened_third_party_disabled; failures_rerun_enabled_before_fix,no
172,5,one_shot_percussive_sounds/5,102,one_shot_percussive_sounds/5/436648.wav,/mnt/data/perc_v31169_run3/neutral_extract/g05/neutral_g05_00102.wav,Drums/Claps Snaps Slaps/Generic Clap/One Shots,Drums,True,False,False,final_measured_protected_percussive_parent_claim,,single_hit,,,1.39,,bulk_screened_third_party_disabled; failures_rerun_enabled_before_fix,no
173,5,one_shot_percussive_sounds/5,103,one_shot_percussive_sounds/5/436649.wav,/mnt/data/perc_v31169_run3/neutral_extract/g05/neutral_g05_00103.wav,Drums/Rims and Sticks/Rimshot/One Shots,Drums,True,False,False,final_measured_drum_one_shot_invariant,,single_hit,,,1.23,,bulk_screened_third_party_disabled; failures_rerun_enabled_before_fix,no
174,5,one_shot_percussive_sounds/5,104,one_shot_percussive_sounds/5/437267.wav,/mnt/data/perc_v31169_run3/neutral_extract/g05/neutral_g05_00104.wav,Drums/Toms/Generic Tom/One Shots,Drums,True,False,False,final_measured_protected_percussive_parent_claim,,hit_with_tail,,,1.36,,bulk_screened_third_party_disabled; failures_rerun_enabled_before_fix,no
175,5,one_shot_percussive_sounds/5,105,one_shot_percussive_sounds/5/437268.wav,/mnt/data/perc_v31169_run3/neutral_extract/g05/neutral_g05_00105.wav,Drums/Toms/Generic Tom/One Shots,Drums,True,False,False,final_measured_protected_percussive_parent_claim,,single_hit,,,1.28,,bulk_screened_third_party_disabled; failures_rerun_enabled_before_fix,no
176,1,one_shot_percussive_sounds/1,106,one_shot_percussive_sounds/1/14052.wav,/mnt/data/perc_v31169_run3/neutral_extract/g01/neutral_g01_00106.wav,Drums/Toms/Floor Tom/One Shots,Drums,True,False,False,final_measured_drum_one_shot_invariant,,hit_with_tail,,,1.31,,bulk_screened_third_party_disabled; failures_rerun_enabled_before_fix,no
177,1,one_shot_percussive_sounds/1,107,one_shot_percussive_sounds/1/14056.wav,/mnt/data/perc_v31169_run3/neutral_extract/g01/neutral_g01_00107.wav,Drums/Rims and Sticks/Generic Rim or Stick/One Shots,Drums,True,False,False,final_measured_protected_percussive_parent_claim,,texture_bed,,,0.64,,bulk_screened_third_party_disabled; failures_rerun_enabled_before_fix,no
178,1,one_shot_percussive_sounds/1,108,one_shot_percussive_sounds/1/14057.wav,/mnt/data/perc_v31169_run3/neutral_extract/g01/neutral_g01_00108.wav,Drums/Snares/Acoustic Snare/One Shots,Drums,True,False,False,final_measured_drum_one_shot_invariant,,single_hit,,,1.21,,bulk_screened_third_party_disabled; failures_rerun_enabled_before_fix,no
179,1,one_shot_percussive_sounds/1,109,one_shot_percussive_sounds/1/14059.wav,/mnt/data/perc_v31169_run3/neutral_extract/g01/neutral_g01_00109.wav,Drums/Snares/Generic Snare/One Shots,Drums,True,False,False,final_measured_protected_percussive_parent_claim,,single_hit,,,1.26,,bulk_screened_third_party_disabled; failures_rerun_enabled_before_fix,no
180,1,one_shot_percussive_sounds/1,110,one_shot_percussive_sounds/1/14061.wav,/mnt/data/perc_v31169_run3/neutral_extract/g01/neutral_g01_00110.wav,Drums/Snares/Generic Snare/One Shots,Drums,True,False,False,final_protected_percussive_parent_release,,single_hit,,,1.2,,bulk_screened_third_party_disabled; failures_rerun_enabled_before_fix,no
181,2,one_shot_percussive_sounds/2,106,one_shot_percussive_sounds/2/104224.wav,/mnt/data/perc_v31169_run3/neutral_extract/g02/neutral_g02_00106.wav,Drums/Snares/Acoustic Snare/One Shots,Drums,True,False,False,final_measured_drum_one_shot_invariant,,single_hit,,,1.33,,bulk_screened_third_party_disabled; failures_rerun_enabled_before_fix,no
182,2,one_shot_percussive_sounds/2,107,one_shot_percussive_sounds/2/104229.wav,/mnt/data/perc_v31169_run3/neutral_extract/g02/neutral_g02_00107.wav,Drums/Snares/Generic Snare/One Shots,Drums,True,False,False,final_measured_protected_percussive_parent_claim,,single_hit,,,1.37,,bulk_screened_third_party_disabled; failures_rerun_enabled_before_fix,no
183,2,one_shot_percussive_sounds/2,108,one_shot_percussive_sounds/2/104230.wav,/mnt/data/perc_v31169_run3/neutral_extract/g02/neutral_g02_00108.wav,Drums/Percussion/Guiros Scrapes and Rasps/One Shots,Drums,True,False,False,final_measured_protected_percussive_parent_claim,,single_hit,,,0.53,,bulk_screened_third_party_disabled; failures_rerun_enabled_before_fix,no
184,2,one_shot_percussive_sounds/2,109,one_shot_percussive_sounds/2/104231.wav,/mnt/data/perc_v31169_run3/neutral_extract/g02/neutral_g02_00109.wav,Drums/Snares/Generic Snare/One Shots,Drums,True,False,False,final_measured_protected_percussive_parent_claim,,single_hit,,,1.31,,bulk_screened_third_party_disabled; failures_rerun_enabled_before_fix,no
185,2,one_shot_percussive_sounds/2,110,one_shot_percussive_sounds/2/104232.wav,/mnt/data/perc_v31169_run3/neutral_extract/g02/neutral_g02_00110.wav,Drums/Snares/Generic Snare/One Shots,Drums,True,False,False,final_measured_protected_percussive_parent_claim,,single_hit,,,1.31,,bulk_screened_third_party_disabled; failures_rerun_enabled_before_fix,no
186,3,one_shot_percussive_sounds/3,106,one_shot_percussive_sounds/3/143662.wav,/mnt/data/perc_v31169_run3/neutral_extract/g03/neutral_g03_00106.wav,Drums/Snares/Generic Snare/One Shots,Drums,True,False,False,final_weak_review_measured_drums_release,,single_hit,,,1.43,,bulk_screened_third_party_disabled; failures_rerun_enabled_before_fix,no
187,3,one_shot_percussive_sounds/3,107,one_shot_percussive_sounds/3/143663.wav,/mnt/data/perc_v31169_run3/neutral_extract/g03/neutral_g03_00107.wav,Drums/Rims and Sticks/Rimshot/One Shots,Drums,True,False,False,final_weak_review_measured_drums_release,,single_hit,,,0.76,,bulk_screened_third_party_disabled; failures_rerun_enabled_before_fix,no
188,3,one_shot_percussive_sounds/3,108,one_shot_percussive_sounds/3/143664.wav,/mnt/data/perc_v31169_run3/neutral_extract/g03/neutral_g03_00108.wav,Drums/Toms/Generic Tom/One Shots,Drums,True,False,False,final_measured_protected_percussive_parent_claim,,hit_with_tail,,,1.4,,bulk_screened_third_party_disabled; failures_rerun_enabled_before_fix,no
189,3,one_shot_percussive_sounds/3,109,one_shot_percussive_sounds/3/143665.wav,/mnt/data/perc_v31169_run3/neutral_extract/g03/neutral_g03_00109.wav,Drums/Snares/Generic Snare/One Shots,Drums,True,False,False,final_weak_review_measured_drums_release,,single_hit,,,0.55,,bulk_screened_third_party_disabled; failures_rerun_enabled_before_fix,no
190,3,one_shot_percussive_sounds/3,110,one_shot_percussive_sounds/3/143666.wav,/mnt/data/perc_v31169_run3/neutral_extract/g03/neutral_g03_00110.wav,Drums/Snares/Acoustic Snare/One Shots,Drums,True,False,False,final_measured_drum_one_shot_invariant,,single_hit,,,1.36,,bulk_screened_third_party_disabled; failures_rerun_enabled_before_fix,no
191,4,one_shot_percussive_sounds/4,106,one_shot_percussive_sounds/4/204643.wav,/mnt/data/perc_v31169_run3/neutral_extract/g04/neutral_g04_00106.wav,Drums/Percussion/Bells and Metallic Percussion/One Shots,Drums,True,False,False,final_measured_drum_one_shot_invariant,,ui_blip,,,1.33,,bulk_screened_third_party_disabled; failures_rerun_enabled_before_fix,no
192,4,one_shot_percussive_sounds/4,107,one_shot_percussive_sounds/4/204644.wav,/mnt/data/perc_v31169_run3/neutral_extract/g04/neutral_g04_00107.wav,Drums/Kick Drums/Generic Kick/One Shots,Drums,True,False,False,final_weak_review_measured_drums_release,,hit_with_tail,,,1.57,,bulk_screened_third_party_disabled; failures_rerun_enabled_before_fix,no
193,4,one_shot_percussive_sounds/4,108,one_shot_percussive_sounds/4/204645.wav,/mnt/data/perc_v31169_run3/neutral_extract/g04/neutral_g04_00108.wav,Drums/Kick Drums/Generic Kick/One Shots,Drums,True,False,False,final_weak_review_measured_drums_release,,single_hit,,,1.34,,bulk_screened_third_party_disabled; failures_rerun_enabled_before_fix,no
194,4,one_shot_percussive_sounds/4,109,one_shot_percussive_sounds/4/204646.wav,/mnt/data/perc_v31169_run3/neutral_extract/g04/neutral_g04_00109.wav,Drums/Rims and Sticks/Generic Rim or Stick/One Shots,Drums,True,False,False,final_measured_protected_percussive_parent_claim,,ui_blip,,,1.4,,bulk_screened_third_party_disabled; failures_rerun_enabled_before_fix,no
195,4,one_shot_percussive_sounds/4,110,one_shot_percussive_sounds/4/204647.wav,/mnt/data/perc_v31169_run3/neutral_extract/g04/neutral_g04_00110.wav,Drums/Percussion/Bells and Metallic Percussion/One Shots,Drums,True,False,False,final_measured_drum_one_shot_invariant,,ui_blip,,,1.28,,bulk_screened_third_party_disabled; failures_rerun_enabled_before_fix,no
196,5,one_shot_percussive_sounds/5,106,one_shot_percussive_sounds/5/439747.wav,/mnt/data/perc_v31169_run3/neutral_extract/g05/neutral_g05_00106.wav,Drums/Kick Drums/Generic Kick/One Shots,Drums,True,False,False,final_measured_kick_one_shot_invariant,,hit_with_tail,,,1.42,,bulk_screened_third_party_disabled; failures_rerun_enabled_before_fix,no
197,5,one_shot_percussive_sounds/5,107,one_shot_percussive_sounds/5/439762.wav,/mnt/data/perc_v31169_run3/neutral_extract/g05/neutral_g05_00107.wav,Drums/Snares/Acoustic Snare/One Shots,Drums,True,False,False,final_measured_drum_one_shot_invariant,,single_hit,,,1.41,,bulk_screened_third_party_disabled; failures_rerun_enabled_before_fix,no
198,5,one_shot_percussive_sounds/5,108,one_shot_percussive_sounds/5/439763.wav,/mnt/data/perc_v31169_run3/neutral_extract/g05/neutral_g05_00108.wav,Drums/Snares/Generic Snare/One Shots,Drums,True,False,False,final_measured_protected_percussive_parent_claim,,single_hit,,,1.25,,bulk_screened_third_party_disabled; failures_rerun_enabled_before_fix,no
199,5,one_shot_percussive_sounds/5,109,one_shot_percussive_sounds/5/439764.wav,/mnt/data/perc_v31169_run3/neutral_extract/g05/neutral_g05_00109.wav,Drums/Percussion/Generic Percussion/One Shots,Drums,True,False,False,final_measured_protected_percussive_parent_claim,,echo_tail_hit,,,1.34,,bulk_screened_third_party_disabled; failures_rerun_enabled_before_fix,yes
200,5,one_shot_percussive_sounds/5,110,one_shot_percussive_sounds/5/439765.wav,/mnt/data/perc_v31169_run3/neutral_extract/g05/neutral_g05_00110.wav,Drums/Kick Drums/Generic Kick/One Shots,Drums,True,False,False,final_measured_kick_one_shot_invariant,,hit_with_tail,,,1.2,,bulk_screened_third_party_disabled; failures_rerun_enabled_before_fix,no
